n,t,S,E,I,R
1,989.0,1.0,10.0,0.0
1,988.0,2.0,10.0,0.0
1,987.0,3.0,10.0,0.0
1,986.0,4.0,10.0,0.0
1,985.0,5.0,10.0,0.0
1,984.0,6.0,10.0,0.0
1,983.0,7.0,10.0,0.0
1,982.0,8.0,10.0,0.0
1,981.0,9.0,10.0,0.0
1,980.0,10.0,10.0,0.0
1,979.0,11.0,10.0,0.0
1,978.0,12.0,10.0,0.0
1,977.0,13.0,10.0,0.0
1,976.0,14.0,10.0,0.0
1,975.0,15.0,10.0,0.0
1,974.0,16.0,10.0,0.0
1,973.0,17.0,10.0,0.0
1,972.0,18.0,10.0,0.0
1,971.0,19.0,10.0,0.0
1,970.0,20.0,10.0,0.0
1,969.0,21.0,10.0,0.0
1,968.0,22.0,10.0,0.0
1,967.0,23.0,10.0,0.0
1,966.0,24.0,10.0,0.0
1,965.0,25.0,10.0,0.0
1,964.0,26.0,10.0,0.0
1,964.0,25.0,11.0,0.0
1,963.0,26.0,11.0,0.0
1,963.0,25.0,12.0,0.0
1,963.0,24.0,13.0,0.0
1,962.0,25.0,13.0,0.0
1,961.0,26.0,13.0,0.0
1,960.0,27.0,13.0,0.0
1,960.0,27.0,12.0,1.0
1,960.0,27.0,11.0,2.0
1,960.0,27.0,10.0,3.0
1,959.0,28.0,10.0,3.0
1,959.0,27.0,11.0,3.0
1,958.0,28.0,11.0,3.0
1,958.0,27.0,12.0,3.0
1,957.0,28.0,12.0,3.0
1,957.0,27.0,13.0,3.0
1,956.0,28.0,13.0,3.0
1,955.0,29.0,13.0,3.0
1,955.0,29.0,12.0,4.0
1,955.0,28.0,13.0,4.0
1,955.0,27.0,14.0,4.0
1,955.0,26.0,15.0,4.0
1,954.0,27.0,15.0,4.0
1,953.0,28.0,15.0,4.0
1,952.0,29.0,15.0,4.0
1,951.0,30.0,15.0,4.0
1,950.0,31.0,15.0,4.0
1,949.0,32.0,15.0,4.0
1,949.0,31.0,16.0,4.0
1,949.0,31.0,15.0,5.0
1,948.0,32.0,15.0,5.0
1,947.0,33.0,15.0,5.0
1,946.0,34.0,15.0,5.0
1,945.0,35.0,15.0,5.0
1,944.0,36.0,15.0,5.0
1,943.0,37.0,15.0,5.0
1,942.0,38.0,15.0,5.0
1,941.0,39.0,15.0,5.0
1,940.0,40.0,15.0,5.0
1,939.0,41.0,15.0,5.0
1,938.0,42.0,15.0,5.0
1,937.0,43.0,15.0,5.0
1,937.0,42.0,16.0,5.0
1,936.0,43.0,16.0,5.0
1,936.0,42.0,17.0,5.0
1,935.0,43.0,17.0,5.0
1,934.0,44.0,17.0,5.0
1,933.0,45.0,17.0,5.0
1,933.0,44.0,18.0,5.0
1,933.0,43.0,19.0,5.0
1,932.0,44.0,19.0,5.0
1,931.0,45.0,19.0,5.0
1,930.0,46.0,19.0,5.0
1,929.0,47.0,19.0,5.0
1,929.0,46.0,20.0,5.0
1,928.0,47.0,20.0,5.0
1,928.0,47.0,19.0,6.0
1,927.0,48.0,19.0,6.0
1,927.0,47.0,20.0,6.0
1,927.0,46.0,21.0,6.0
1,926.0,47.0,21.0,6.0
1,925.0,48.0,21.0,6.0
1,924.0,49.0,21.0,6.0
1,923.0,50.0,21.0,6.0
1,922.0,51.0,21.0,6.0
1,922.0,50.0,22.0,6.0
1,921.0,51.0,22.0,6.0
1,920.0,52.0,22.0,6.0
1,919.0,53.0,22.0,6.0
1,918.0,54.0,22.0,6.0
1,917.0,55.0,22.0,6.0
1,916.0,56.0,22.0,6.0
1,916.0,56.0,21.0,7.0
1,916.0,55.0,22.0,7.0
1,916.0,55.0,21.0,8.0
1,916.0,54.0,22.0,8.0
1,915.0,55.0,22.0,8.0
1,915.0,54.0,23.0,8.0
1,914.0,55.0,23.0,8.0
1,913.0,56.0,23.0,8.0
1,912.0,57.0,23.0,8.0
1,911.0,58.0,23.0,8.0
1,910.0,59.0,23.0,8.0
1,909.0,60.0,23.0,8.0
1,908.0,61.0,23.0,8.0
1,907.0,62.0,23.0,8.0
1,906.0,63.0,23.0,8.0
1,905.0,64.0,23.0,8.0
1,904.0,65.0,23.0,8.0
1,903.0,66.0,23.0,8.0
1,902.0,67.0,23.0,8.0
1,901.0,68.0,23.0,8.0
1,902.0,67.0,23.0,8.0
1,901.0,68.0,23.0,8.0
1,900.0,69.0,23.0,8.0
1,899.0,70.0,23.0,8.0
1,898.0,71.0,23.0,8.0
1,898.0,70.0,24.0,8.0
1,897.0,71.0,24.0,8.0
1,896.0,72.0,24.0,8.0
1,895.0,73.0,24.0,8.0
1,894.0,74.0,24.0,8.0
1,894.0,73.0,25.0,8.0
1,893.0,74.0,25.0,8.0
1,892.0,75.0,25.0,8.0
1,891.0,76.0,25.0,8.0
1,890.0,77.0,25.0,8.0
1,890.0,76.0,26.0,8.0
1,890.0,75.0,27.0,8.0
1,890.0,74.0,28.0,8.0
1,890.0,73.0,29.0,8.0
1,890.0,72.0,30.0,8.0
1,889.0,73.0,30.0,8.0
1,888.0,74.0,30.0,8.0
1,887.0,75.0,30.0,8.0
1,886.0,76.0,30.0,8.0
1,885.0,77.0,30.0,8.0
1,884.0,78.0,30.0,8.0
1,883.0,79.0,30.0,8.0
1,883.0,78.0,31.0,8.0
1,882.0,79.0,31.0,8.0
1,881.0,80.0,31.0,8.0
1,880.0,81.0,31.0,8.0
1,879.0,82.0,31.0,8.0
1,878.0,83.0,31.0,8.0
1,878.0,83.0,30.0,9.0
1,877.0,84.0,30.0,9.0
1,876.0,85.0,30.0,9.0
1,876.0,85.0,29.0,10.0
1,875.0,86.0,29.0,10.0
1,874.0,87.0,29.0,10.0
1,873.0,88.0,29.0,10.0
1,872.0,89.0,29.0,10.0
1,871.0,90.0,29.0,10.0
1,870.0,91.0,29.0,10.0
1,870.0,90.0,30.0,10.0
1,870.0,89.0,31.0,10.0
1,869.0,90.0,31.0,10.0
1,869.0,90.0,30.0,11.0
1,869.0,89.0,31.0,11.0
1,868.0,90.0,31.0,11.0
1,868.0,89.0,32.0,11.0
1,867.0,90.0,32.0,11.0
1,866.0,91.0,32.0,11.0
1,865.0,92.0,32.0,11.0
1,864.0,93.0,32.0,11.0
1,863.0,94.0,32.0,11.0
1,862.0,95.0,32.0,11.0
1,861.0,96.0,32.0,11.0
1,860.0,97.0,32.0,11.0
1,859.0,98.0,32.0,11.0
1,859.0,97.0,33.0,11.0
1,859.0,96.0,34.0,11.0
1,858.0,97.0,34.0,11.0
1,857.0,98.0,34.0,11.0
1,856.0,99.0,34.0,11.0
1,855.0,100.0,34.0,11.0
1,854.0,101.0,34.0,11.0
1,853.0,102.0,34.0,11.0
1,852.0,103.0,34.0,11.0
1,851.0,104.0,34.0,11.0
1,850.0,105.0,34.0,11.0
1,849.0,106.0,34.0,11.0
1,848.0,107.0,34.0,11.0
1,847.0,108.0,34.0,11.0
1,846.0,109.0,34.0,11.0
1,845.0,110.0,34.0,11.0
1,844.0,111.0,34.0,11.0
1,843.0,112.0,34.0,11.0
1,842.0,113.0,34.0,11.0
1,841.0,114.0,34.0,11.0
1,840.0,115.0,34.0,11.0
1,840.0,114.0,35.0,11.0
1,839.0,115.0,35.0,11.0
1,838.0,116.0,35.0,11.0
1,838.0,115.0,36.0,11.0
1,837.0,116.0,36.0,11.0
1,836.0,117.0,36.0,11.0
1,835.0,118.0,36.0,11.0
1,834.0,119.0,36.0,11.0
1,833.0,120.0,36.0,11.0
1,833.0,119.0,37.0,11.0
1,832.0,120.0,37.0,11.0
1,831.0,121.0,37.0,11.0
1,831.0,121.0,36.0,12.0
1,831.0,120.0,37.0,12.0
1,830.0,121.0,37.0,12.0
1,830.0,120.0,38.0,12.0
1,829.0,121.0,38.0,12.0
1,828.0,122.0,38.0,12.0
1,827.0,123.0,38.0,12.0
1,827.0,122.0,39.0,12.0
1,826.0,123.0,39.0,12.0
1,825.0,124.0,39.0,12.0
1,824.0,125.0,39.0,12.0
1,823.0,126.0,39.0,12.0
1,822.0,127.0,39.0,12.0
1,821.0,128.0,39.0,12.0
1,820.0,129.0,39.0,12.0
1,819.0,130.0,39.0,12.0
1,819.0,129.0,40.0,12.0
1,819.0,128.0,41.0,12.0
1,819.0,127.0,42.0,12.0
1,818.0,128.0,42.0,12.0
1,817.0,129.0,42.0,12.0
1,817.0,128.0,43.0,12.0
1,816.0,129.0,43.0,12.0
1,815.0,130.0,43.0,12.0
1,814.0,131.0,43.0,12.0
1,814.0,130.0,44.0,12.0
1,814.0,129.0,45.0,12.0
1,813.0,130.0,45.0,12.0
1,812.0,131.0,45.0,12.0
1,811.0,132.0,45.0,12.0
1,810.0,133.0,45.0,12.0
1,809.0,134.0,45.0,12.0
1,808.0,135.0,45.0,12.0
1,807.0,136.0,45.0,12.0
1,807.0,135.0,46.0,12.0
1,806.0,136.0,46.0,12.0
1,806.0,135.0,47.0,12.0
1,805.0,136.0,47.0,12.0
1,804.0,137.0,47.0,12.0
1,803.0,138.0,47.0,12.0
1,802.0,139.0,47.0,12.0
1,801.0,140.0,47.0,12.0
1,801.0,140.0,46.0,13.0
1,800.0,141.0,46.0,13.0
1,799.0,142.0,46.0,13.0
1,798.0,143.0,46.0,13.0
1,797.0,144.0,46.0,13.0
1,796.0,145.0,46.0,13.0
1,795.0,146.0,46.0,13.0
1,794.0,147.0,46.0,13.0
1,793.0,148.0,46.0,13.0
1,792.0,149.0,46.0,13.0
1,791.0,150.0,46.0,13.0
1,790.0,151.0,46.0,13.0
1,789.0,152.0,46.0,13.0
1,789.0,152.0,45.0,14.0
1,788.0,153.0,45.0,14.0
1,787.0,154.0,45.0,14.0
1,787.0,153.0,46.0,14.0
1,786.0,154.0,46.0,14.0
1,785.0,155.0,46.0,14.0
1,784.0,156.0,46.0,14.0
1,783.0,157.0,46.0,14.0
1,782.0,158.0,46.0,14.0
1,781.0,159.0,46.0,14.0
1,780.0,160.0,46.0,14.0
1,780.0,159.0,47.0,14.0
1,779.0,160.0,47.0,14.0
1,778.0,161.0,47.0,14.0
1,778.0,160.0,48.0,14.0
1,777.0,161.0,48.0,14.0
1,776.0,162.0,48.0,14.0
1,775.0,163.0,48.0,14.0
1,774.0,164.0,48.0,14.0
1,774.0,163.0,49.0,14.0
1,773.0,164.0,49.0,14.0
1,772.0,165.0,49.0,14.0
1,772.0,164.0,50.0,14.0
1,772.0,164.0,49.0,15.0
1,772.0,163.0,50.0,15.0
1,772.0,162.0,51.0,15.0
1,771.0,163.0,51.0,15.0
1,770.0,164.0,51.0,15.0
1,769.0,165.0,51.0,15.0
1,768.0,166.0,51.0,15.0
1,767.0,167.0,51.0,15.0
1,767.0,166.0,52.0,15.0
1,766.0,167.0,52.0,15.0
1,765.0,168.0,52.0,15.0
1,765.0,167.0,53.0,15.0
1,765.0,166.0,54.0,15.0
1,764.0,167.0,54.0,15.0
1,764.0,167.0,53.0,16.0
1,764.0,166.0,54.0,16.0
1,763.0,167.0,54.0,16.0
1,762.0,168.0,54.0,16.0
1,761.0,169.0,54.0,16.0
1,760.0,170.0,54.0,16.0
1,759.0,171.0,54.0,16.0
1,759.0,170.0,55.0,16.0
1,759.0,169.0,56.0,16.0
1,758.0,170.0,56.0,16.0
1,757.0,171.0,56.0,16.0
1,756.0,172.0,56.0,16.0
1,755.0,173.0,56.0,16.0
1,754.0,174.0,56.0,16.0
1,753.0,175.0,56.0,16.0
1,752.0,176.0,56.0,16.0
1,752.0,175.0,57.0,16.0
1,751.0,176.0,57.0,16.0
1,750.0,177.0,57.0,16.0
1,749.0,178.0,57.0,16.0
1,748.0,179.0,57.0,16.0
1,747.0,180.0,57.0,16.0
1,746.0,181.0,57.0,16.0
1,745.0,182.0,57.0,16.0
1,744.0,183.0,57.0,16.0
1,743.0,184.0,57.0,16.0
1,743.0,183.0,58.0,16.0
1,742.0,184.0,58.0,16.0
1,742.0,183.0,59.0,16.0
1,741.0,184.0,59.0,16.0
1,740.0,185.0,59.0,16.0
1,739.0,186.0,59.0,16.0
1,738.0,187.0,59.0,16.0
1,737.0,188.0,59.0,16.0
1,736.0,189.0,59.0,16.0
1,736.0,188.0,60.0,16.0
1,736.0,187.0,61.0,16.0
1,735.0,188.0,61.0,16.0
1,734.0,189.0,61.0,16.0
1,734.0,188.0,62.0,16.0
1,733.0,189.0,62.0,16.0
1,732.0,190.0,62.0,16.0
1,731.0,191.0,62.0,16.0
1,730.0,192.0,62.0,16.0
1,729.0,193.0,62.0,16.0
1,728.0,194.0,62.0,16.0
1,728.0,193.0,63.0,16.0
1,727.0,194.0,63.0,16.0
1,727.0,193.0,64.0,16.0
1,727.0,193.0,63.0,17.0
1,726.0,194.0,63.0,17.0
1,726.0,194.0,62.0,18.0
1,726.0,193.0,63.0,18.0
1,725.0,194.0,63.0,18.0
1,724.0,195.0,63.0,18.0
1,723.0,196.0,63.0,18.0
1,722.0,197.0,63.0,18.0
1,721.0,198.0,63.0,18.0
1,720.0,199.0,63.0,18.0
1,719.0,200.0,63.0,18.0
1,718.0,201.0,63.0,18.0
1,718.0,200.0,64.0,18.0
1,717.0,201.0,64.0,18.0
1,717.0,200.0,65.0,18.0
1,717.0,200.0,64.0,19.0
1,717.0,199.0,65.0,19.0
1,717.0,198.0,66.0,19.0
1,717.0,197.0,67.0,19.0
1,717.0,196.0,68.0,19.0
1,716.0,197.0,68.0,19.0
1,715.0,198.0,68.0,19.0
1,714.0,199.0,68.0,19.0
1,713.0,200.0,68.0,19.0
1,712.0,201.0,68.0,19.0
1,712.0,200.0,69.0,19.0
1,712.0,199.0,70.0,19.0
1,711.0,200.0,70.0,19.0
1,710.0,201.0,70.0,19.0
1,709.0,202.0,70.0,19.0
1,708.0,203.0,70.0,19.0
1,707.0,204.0,70.0,19.0
1,706.0,205.0,70.0,19.0
1,705.0,206.0,70.0,19.0
1,705.0,205.0,71.0,19.0
1,704.0,206.0,71.0,19.0
1,703.0,207.0,71.0,19.0
1,702.0,208.0,71.0,19.0
1,701.0,209.0,71.0,19.0
1,701.0,208.0,72.0,19.0
1,700.0,209.0,72.0,19.0
1,699.0,210.0,72.0,19.0
1,698.0,211.0,72.0,19.0
1,698.0,210.0,73.0,19.0
1,697.0,211.0,73.0,19.0
1,696.0,212.0,73.0,19.0
1,696.0,211.0,74.0,19.0
1,695.0,212.0,74.0,19.0
1,694.0,213.0,74.0,19.0
1,693.0,214.0,74.0,19.0
1,692.0,215.0,74.0,19.0
1,691.0,216.0,74.0,19.0
1,690.0,217.0,74.0,19.0
1,689.0,218.0,74.0,19.0
1,688.0,219.0,74.0,19.0
1,687.0,220.0,74.0,19.0
1,686.0,221.0,74.0,19.0
1,685.0,222.0,74.0,19.0
1,684.0,223.0,74.0,19.0
1,684.0,222.0,75.0,19.0
1,683.0,223.0,75.0,19.0
1,682.0,224.0,75.0,19.0
1,681.0,225.0,75.0,19.0
1,680.0,226.0,75.0,19.0
1,679.0,227.0,75.0,19.0
1,678.0,228.0,75.0,19.0
1,678.0,228.0,74.0,20.0
1,677.0,229.0,74.0,20.0
1,676.0,230.0,74.0,20.0
1,675.0,231.0,74.0,20.0
1,675.0,230.0,75.0,20.0
1,674.0,231.0,75.0,20.0
1,673.0,232.0,75.0,20.0
1,672.0,233.0,75.0,20.0
1,672.0,232.0,76.0,20.0
1,671.0,233.0,76.0,20.0
1,670.0,234.0,76.0,20.0
1,669.0,235.0,76.0,20.0
1,668.0,236.0,76.0,20.0
1,667.0,237.0,76.0,20.0
1,666.0,238.0,76.0,20.0
1,666.0,237.0,77.0,20.0
1,665.0,238.0,77.0,20.0
1,665.0,238.0,76.0,21.0
1,664.0,239.0,76.0,21.0
1,663.0,240.0,76.0,21.0
1,662.0,241.0,76.0,21.0
1,662.0,240.0,77.0,21.0
1,662.0,239.0,78.0,21.0
1,661.0,240.0,78.0,21.0
1,660.0,241.0,78.0,21.0
1,660.0,240.0,79.0,21.0
1,659.0,241.0,79.0,21.0
1,659.0,240.0,80.0,21.0
1,659.0,239.0,81.0,21.0
1,658.0,240.0,81.0,21.0
1,657.0,241.0,81.0,21.0
1,656.0,242.0,81.0,21.0
1,656.0,241.0,82.0,21.0
1,655.0,242.0,82.0,21.0
1,654.0,243.0,82.0,21.0
1,653.0,244.0,82.0,21.0
1,653.0,243.0,83.0,21.0
1,652.0,244.0,83.0,21.0
1,651.0,245.0,83.0,21.0
1,650.0,246.0,83.0,21.0
1,649.0,247.0,83.0,21.0
1,648.0,248.0,83.0,21.0
1,647.0,249.0,83.0,21.0
1,646.0,250.0,83.0,21.0
1,645.0,251.0,83.0,21.0
1,644.0,252.0,83.0,21.0
1,644.0,251.0,84.0,21.0
1,645.0,250.0,84.0,21.0
1,646.0,249.0,84.0,21.0
1,645.0,250.0,84.0,21.0
1,644.0,251.0,84.0,21.0
1,644.0,250.0,85.0,21.0
1,643.0,251.0,85.0,21.0
1,643.0,250.0,86.0,21.0
1,642.0,251.0,86.0,21.0
1,642.0,250.0,87.0,21.0
1,641.0,251.0,87.0,21.0
1,640.0,252.0,87.0,21.0
1,639.0,253.0,87.0,21.0
1,638.0,254.0,87.0,21.0
1,637.0,255.0,87.0,21.0
1,636.0,256.0,87.0,21.0
1,635.0,257.0,87.0,21.0
1,636.0,256.0,87.0,21.0
1,635.0,257.0,87.0,21.0
1,634.0,258.0,87.0,21.0
1,633.0,259.0,87.0,21.0
1,633.0,258.0,88.0,21.0
1,632.0,259.0,88.0,21.0
1,632.0,258.0,89.0,21.0
1,631.0,259.0,89.0,21.0
1,630.0,260.0,89.0,21.0
1,629.0,261.0,89.0,21.0
1,629.0,260.0,90.0,21.0
1,628.0,261.0,90.0,21.0
1,627.0,262.0,90.0,21.0
1,627.0,262.0,89.0,22.0
1,626.0,263.0,89.0,22.0
1,625.0,264.0,89.0,22.0
1,625.0,263.0,90.0,22.0
1,624.0,264.0,90.0,22.0
1,623.0,265.0,90.0,22.0
1,622.0,266.0,90.0,22.0
1,622.0,265.0,91.0,22.0
1,621.0,266.0,91.0,22.0
1,621.0,265.0,92.0,22.0
1,620.0,266.0,92.0,22.0
1,619.0,267.0,92.0,22.0
1,618.0,268.0,92.0,22.0
1,617.0,269.0,92.0,22.0
1,616.0,270.0,92.0,22.0
1,615.0,271.0,92.0,22.0
1,614.0,272.0,92.0,22.0
1,614.0,271.0,93.0,22.0
1,613.0,272.0,93.0,22.0
1,612.0,273.0,93.0,22.0
1,611.0,274.0,93.0,22.0
1,610.0,275.0,93.0,22.0
1,609.0,276.0,93.0,22.0
1,609.0,275.0,94.0,22.0
1,608.0,276.0,94.0,22.0
1,607.0,277.0,94.0,22.0
1,606.0,278.0,94.0,22.0
1,605.0,279.0,94.0,22.0
1,604.0,280.0,94.0,22.0
1,604.0,279.0,95.0,22.0
1,604.0,278.0,96.0,22.0
1,603.0,279.0,96.0,22.0
1,603.0,278.0,97.0,22.0
1,602.0,279.0,97.0,22.0
1,601.0,280.0,97.0,22.0
1,601.0,279.0,98.0,22.0
1,601.0,278.0,99.0,22.0
1,600.0,279.0,99.0,22.0
1,599.0,280.0,99.0,22.0
1,598.0,281.0,99.0,22.0
1,597.0,282.0,99.0,22.0
1,596.0,283.0,99.0,22.0
1,596.0,282.0,100.0,22.0
1,595.0,283.0,100.0,22.0
1,595.0,283.0,99.0,23.0
1,594.0,284.0,99.0,23.0
1,593.0,285.0,99.0,23.0
1,592.0,286.0,99.0,23.0
1,592.0,285.0,100.0,23.0
1,591.0,286.0,100.0,23.0
1,590.0,287.0,100.0,23.0
1,590.0,287.0,99.0,24.0
1,589.0,288.0,99.0,24.0
1,589.0,287.0,100.0,24.0
1,588.0,288.0,100.0,24.0
1,587.0,289.0,100.0,24.0
1,586.0,290.0,100.0,24.0
1,585.0,291.0,100.0,24.0
1,585.0,290.0,101.0,24.0
1,584.0,291.0,101.0,24.0
1,583.0,292.0,101.0,24.0
1,583.0,292.0,100.0,25.0
1,583.0,291.0,101.0,25.0
1,582.0,292.0,101.0,25.0
1,581.0,293.0,101.0,25.0
1,580.0,294.0,101.0,25.0
1,580.0,294.0,100.0,26.0
1,579.0,295.0,100.0,26.0
1,578.0,296.0,100.0,26.0
1,577.0,297.0,100.0,26.0
1,576.0,298.0,100.0,26.0
1,575.0,299.0,100.0,26.0
1,574.0,300.0,100.0,26.0
1,574.0,299.0,101.0,26.0
1,573.0,300.0,101.0,26.0
1,572.0,301.0,101.0,26.0
1,571.0,302.0,101.0,26.0
1,571.0,301.0,102.0,26.0
1,570.0,302.0,102.0,26.0
1,570.0,302.0,101.0,27.0
1,569.0,303.0,101.0,27.0
1,568.0,304.0,101.0,27.0
1,567.0,305.0,101.0,27.0
1,566.0,306.0,101.0,27.0
1,566.0,306.0,100.0,28.0
1,566.0,305.0,101.0,28.0
1,565.0,306.0,101.0,28.0
1,564.0,307.0,101.0,28.0
1,563.0,308.0,101.0,28.0
1,562.0,309.0,101.0,28.0
1,561.0,310.0,101.0,28.0
1,560.0,311.0,101.0,28.0
1,559.0,312.0,101.0,28.0
1,558.0,313.0,101.0,28.0
1,557.0,314.0,101.0,28.0
1,557.0,313.0,102.0,28.0
1,557.0,312.0,103.0,28.0
1,557.0,311.0,104.0,28.0
1,556.0,312.0,104.0,28.0
1,556.0,311.0,105.0,28.0
1,555.0,312.0,105.0,28.0
1,555.0,311.0,106.0,28.0
1,554.0,312.0,106.0,28.0
1,553.0,313.0,106.0,28.0
1,552.0,314.0,106.0,28.0
1,552.0,313.0,107.0,28.0
1,551.0,314.0,107.0,28.0
1,550.0,315.0,107.0,28.0
1,550.0,314.0,108.0,28.0
1,550.0,313.0,109.0,28.0
1,549.0,314.0,109.0,28.0
1,548.0,315.0,109.0,28.0
1,547.0,316.0,109.0,28.0
1,547.0,315.0,110.0,28.0
1,546.0,316.0,110.0,28.0
1,546.0,315.0,111.0,28.0
1,546.0,315.0,110.0,29.0
1,545.0,316.0,110.0,29.0
1,544.0,317.0,110.0,29.0
1,544.0,316.0,111.0,29.0
1,544.0,315.0,112.0,29.0
1,543.0,316.0,112.0,29.0
1,543.0,316.0,111.0,30.0
1,542.0,317.0,111.0,30.0
1,541.0,318.0,111.0,30.0
1,540.0,319.0,111.0,30.0
1,539.0,320.0,111.0,30.0
1,539.0,319.0,112.0,30.0
1,539.0,318.0,113.0,30.0
1,538.0,319.0,113.0,30.0
1,537.0,320.0,113.0,30.0
1,536.0,321.0,113.0,30.0
1,535.0,322.0,113.0,30.0
1,535.0,321.0,114.0,30.0
1,534.0,322.0,114.0,30.0
1,534.0,322.0,113.0,31.0
1,533.0,323.0,113.0,31.0
1,532.0,324.0,113.0,31.0
1,532.0,323.0,114.0,31.0
1,531.0,324.0,114.0,31.0
1,531.0,324.0,113.0,32.0
1,531.0,324.0,112.0,33.0
1,531.0,323.0,113.0,33.0
1,531.0,323.0,112.0,34.0
1,530.0,324.0,112.0,34.0
1,530.0,324.0,111.0,35.0
1,529.0,325.0,111.0,35.0
1,528.0,326.0,111.0,35.0
1,527.0,327.0,111.0,35.0
1,526.0,328.0,111.0,35.0
1,526.0,327.0,112.0,35.0
1,525.0,328.0,112.0,35.0
1,524.0,329.0,112.0,35.0
1,523.0,330.0,112.0,35.0
1,522.0,331.0,112.0,35.0
1,521.0,332.0,112.0,35.0
1,520.0,333.0,112.0,35.0
1,519.0,334.0,112.0,35.0
1,519.0,333.0,113.0,35.0
1,518.0,334.0,113.0,35.0
1,518.0,333.0,114.0,35.0
1,517.0,334.0,114.0,35.0
1,516.0,335.0,114.0,35.0
1,515.0,336.0,114.0,35.0
1,515.0,335.0,115.0,35.0
1,514.0,336.0,115.0,35.0
1,514.0,335.0,116.0,35.0
1,514.0,334.0,117.0,35.0
1,513.0,335.0,117.0,35.0
1,512.0,336.0,117.0,35.0
1,512.0,335.0,118.0,35.0
1,511.0,336.0,118.0,35.0
1,511.0,335.0,119.0,35.0
1,510.0,336.0,119.0,35.0
1,509.0,337.0,119.0,35.0
1,509.0,336.0,120.0,35.0
1,509.0,335.0,121.0,35.0
1,508.0,336.0,121.0,35.0
1,507.0,337.0,121.0,35.0
1,507.0,337.0,120.0,36.0
1,507.0,336.0,121.0,36.0
1,506.0,337.0,121.0,36.0
1,505.0,338.0,121.0,36.0
1,504.0,339.0,121.0,36.0
1,503.0,340.0,121.0,36.0
1,502.0,341.0,121.0,36.0
1,501.0,342.0,121.0,36.0
1,500.0,343.0,121.0,36.0
1,500.0,342.0,122.0,36.0
1,500.0,342.0,121.0,37.0
1,499.0,343.0,121.0,37.0
1,498.0,344.0,121.0,37.0
1,497.0,345.0,121.0,37.0
1,497.0,344.0,122.0,37.0
1,496.0,345.0,122.0,37.0
1,495.0,346.0,122.0,37.0
1,494.0,347.0,122.0,37.0
1,493.0,348.0,122.0,37.0
1,492.0,349.0,122.0,37.0
1,491.0,350.0,122.0,37.0
1,490.0,351.0,122.0,37.0
1,489.0,352.0,122.0,37.0
1,488.0,353.0,122.0,37.0
1,487.0,354.0,122.0,37.0
1,486.0,355.0,122.0,37.0
1,486.0,355.0,121.0,38.0
1,485.0,356.0,121.0,38.0
1,484.0,357.0,121.0,38.0
1,483.0,358.0,121.0,38.0
1,483.0,358.0,120.0,39.0
1,483.0,357.0,121.0,39.0
1,483.0,356.0,122.0,39.0
1,484.0,356.0,121.0,39.0
1,484.0,355.0,122.0,39.0
1,483.0,356.0,122.0,39.0
1,482.0,357.0,122.0,39.0
1,481.0,358.0,122.0,39.0
1,480.0,359.0,122.0,39.0
1,480.0,358.0,123.0,39.0
1,479.0,359.0,123.0,39.0
1,478.0,360.0,123.0,39.0
1,477.0,361.0,123.0,39.0
1,476.0,362.0,123.0,39.0
1,476.0,361.0,124.0,39.0
1,475.0,362.0,124.0,39.0
1,474.0,363.0,124.0,39.0
1,473.0,364.0,124.0,39.0
1,473.0,363.0,125.0,39.0
1,472.0,364.0,125.0,39.0
1,471.0,365.0,125.0,39.0
1,470.0,366.0,125.0,39.0
1,470.0,366.0,124.0,40.0
1,470.0,365.0,125.0,40.0
1,469.0,366.0,125.0,40.0
1,468.0,367.0,125.0,40.0
1,468.0,366.0,126.0,40.0
1,468.0,366.0,125.0,41.0
1,467.0,367.0,125.0,41.0
1,466.0,368.0,125.0,41.0
1,467.0,368.0,125.0,40.0
1,466.0,369.0,125.0,40.0
1,466.0,368.0,126.0,40.0
1,465.0,369.0,126.0,40.0
1,464.0,370.0,126.0,40.0
1,463.0,371.0,126.0,40.0
1,462.0,372.0,126.0,40.0
1,461.0,373.0,126.0,40.0
1,461.0,372.0,127.0,40.0
1,461.0,371.0,128.0,40.0
1,461.0,370.0,129.0,40.0
1,460.0,371.0,129.0,40.0
1,459.0,372.0,129.0,40.0
1,458.0,373.0,129.0,40.0
1,457.0,374.0,129.0,40.0
1,457.0,373.0,130.0,40.0
1,457.0,372.0,131.0,40.0
1,456.0,373.0,131.0,40.0
1,456.0,372.0,132.0,40.0
1,455.0,373.0,132.0,40.0
1,455.0,372.0,133.0,40.0
1,454.0,373.0,133.0,40.0
1,453.0,374.0,133.0,40.0
1,453.0,373.0,134.0,40.0
1,452.0,374.0,134.0,40.0
1,451.0,375.0,134.0,40.0
1,451.0,374.0,135.0,40.0
1,450.0,375.0,135.0,40.0
1,450.0,375.0,134.0,41.0
1,449.0,376.0,134.0,41.0
1,449.0,375.0,135.0,41.0
1,449.0,374.0,136.0,41.0
1,448.0,375.0,136.0,41.0
1,447.0,376.0,136.0,41.0
1,446.0,377.0,136.0,41.0
1,445.0,378.0,136.0,41.0
1,444.0,379.0,136.0,41.0
1,444.0,378.0,137.0,41.0
1,444.0,377.0,138.0,41.0
1,443.0,378.0,138.0,41.0
1,443.0,378.0,137.0,42.0
1,442.0,379.0,137.0,42.0
1,441.0,380.0,137.0,42.0
1,440.0,381.0,137.0,42.0
1,439.0,382.0,137.0,42.0
1,438.0,383.0,137.0,42.0
1,438.0,382.0,138.0,42.0
1,437.0,383.0,138.0,42.0
1,437.0,383.0,137.0,43.0
1,437.0,383.0,136.0,44.0
1,436.0,384.0,136.0,44.0
1,435.0,385.0,136.0,44.0
1,435.0,384.0,137.0,44.0
1,435.0,383.0,138.0,44.0
1,434.0,384.0,138.0,44.0
1,434.0,383.0,139.0,44.0
1,434.0,382.0,140.0,44.0
1,434.0,381.0,141.0,44.0
1,433.0,382.0,141.0,44.0
1,432.0,383.0,141.0,44.0
1,432.0,382.0,142.0,44.0
1,431.0,383.0,142.0,44.0
1,431.0,382.0,143.0,44.0
1,430.0,383.0,143.0,44.0
1,429.0,384.0,143.0,44.0
1,428.0,385.0,143.0,44.0
1,427.0,386.0,143.0,44.0
1,426.0,387.0,143.0,44.0
1,425.0,388.0,143.0,44.0
1,424.0,389.0,143.0,44.0
1,423.0,390.0,143.0,44.0
1,422.0,391.0,143.0,44.0
1,421.0,392.0,143.0,44.0
1,420.0,393.0,143.0,44.0
1,419.0,394.0,143.0,44.0
1,418.0,395.0,143.0,44.0
1,418.0,394.0,144.0,44.0
1,418.0,394.0,143.0,45.0
1,417.0,395.0,143.0,45.0
1,416.0,396.0,143.0,45.0
1,416.0,395.0,144.0,45.0
1,416.0,395.0,143.0,46.0
1,415.0,396.0,143.0,46.0
1,414.0,397.0,143.0,46.0
1,414.0,396.0,144.0,46.0
1,414.0,395.0,145.0,46.0
1,413.0,396.0,145.0,46.0
1,413.0,395.0,146.0,46.0
1,413.0,394.0,147.0,46.0
1,412.0,395.0,147.0,46.0
1,411.0,396.0,147.0,46.0
1,410.0,397.0,147.0,46.0
1,409.0,398.0,147.0,46.0
1,408.0,399.0,147.0,46.0
1,407.0,400.0,147.0,46.0
1,407.0,400.0,146.0,47.0
1,406.0,401.0,146.0,47.0
1,405.0,402.0,146.0,47.0
1,404.0,403.0,146.0,47.0
1,403.0,404.0,146.0,47.0
1,403.0,403.0,147.0,47.0
1,403.0,403.0,146.0,48.0
1,402.0,404.0,146.0,48.0
1,402.0,403.0,147.0,48.0
1,401.0,404.0,147.0,48.0
1,400.0,405.0,147.0,48.0
1,399.0,406.0,147.0,48.0
1,398.0,407.0,147.0,48.0
1,397.0,408.0,147.0,48.0
1,396.0,409.0,147.0,48.0
1,395.0,410.0,147.0,48.0
1,394.0,411.0,147.0,48.0
1,393.0,412.0,147.0,48.0
1,392.0,413.0,147.0,48.0
1,392.0,412.0,148.0,48.0
1,391.0,413.0,148.0,48.0
1,390.0,414.0,148.0,48.0
1,390.0,413.0,149.0,48.0
1,389.0,414.0,149.0,48.0
1,389.0,413.0,150.0,48.0
1,389.0,412.0,151.0,48.0
1,388.0,413.0,151.0,48.0
1,387.0,414.0,151.0,48.0
1,386.0,415.0,151.0,48.0
1,385.0,416.0,151.0,48.0
1,384.0,417.0,151.0,48.0
1,384.0,417.0,150.0,49.0
1,383.0,418.0,150.0,49.0
1,383.0,418.0,149.0,50.0
1,382.0,419.0,149.0,50.0
1,381.0,420.0,149.0,50.0
1,380.0,421.0,149.0,50.0
1,380.0,420.0,150.0,50.0
1,380.0,419.0,151.0,50.0
1,380.0,418.0,152.0,50.0
1,380.0,417.0,153.0,50.0
1,379.0,418.0,153.0,50.0
1,378.0,419.0,153.0,50.0
1,378.0,418.0,154.0,50.0
1,377.0,419.0,154.0,50.0
1,378.0,418.0,154.0,50.0
1,377.0,419.0,154.0,50.0
1,376.0,420.0,154.0,50.0
1,375.0,421.0,154.0,50.0
1,374.0,422.0,154.0,50.0
1,373.0,423.0,154.0,50.0
1,372.0,424.0,154.0,50.0
1,372.0,424.0,153.0,51.0
1,371.0,425.0,153.0,51.0
1,370.0,426.0,153.0,51.0
1,369.0,427.0,153.0,51.0
1,369.0,426.0,154.0,51.0
1,369.0,425.0,155.0,51.0
1,368.0,426.0,155.0,51.0
1,368.0,425.0,156.0,51.0
1,367.0,426.0,156.0,51.0
1,367.0,425.0,157.0,51.0
1,367.0,424.0,158.0,51.0
1,366.0,425.0,158.0,51.0
1,365.0,426.0,158.0,51.0
1,364.0,427.0,158.0,51.0
1,363.0,428.0,158.0,51.0
1,363.0,427.0,159.0,51.0
1,362.0,428.0,159.0,51.0
1,362.0,427.0,160.0,51.0
1,361.0,428.0,160.0,51.0
1,360.0,429.0,160.0,51.0
1,361.0,428.0,160.0,51.0
1,361.0,427.0,161.0,51.0
1,360.0,428.0,161.0,51.0
1,360.0,427.0,162.0,51.0
1,360.0,427.0,161.0,52.0
1,359.0,428.0,161.0,52.0
1,358.0,429.0,161.0,52.0
1,357.0,430.0,161.0,52.0
1,357.0,429.0,162.0,52.0
1,356.0,430.0,162.0,52.0
1,355.0,431.0,162.0,52.0
1,354.0,432.0,162.0,52.0
1,354.0,432.0,161.0,53.0
1,354.0,431.0,162.0,53.0
1,353.0,432.0,162.0,53.0
1,352.0,433.0,162.0,53.0
1,351.0,434.0,162.0,53.0
1,350.0,435.0,162.0,53.0
1,349.0,436.0,162.0,53.0
1,349.0,436.0,161.0,54.0
1,348.0,437.0,161.0,54.0
1,347.0,438.0,161.0,54.0
1,347.0,437.0,162.0,54.0
1,346.0,438.0,162.0,54.0
1,346.0,437.0,163.0,54.0
1,346.0,436.0,164.0,54.0
1,345.0,437.0,164.0,54.0
1,344.0,438.0,164.0,54.0
1,344.0,437.0,165.0,54.0
1,344.0,436.0,166.0,54.0
1,343.0,437.0,166.0,54.0
1,342.0,438.0,166.0,54.0
1,341.0,439.0,166.0,54.0
1,340.0,440.0,166.0,54.0
1,339.0,441.0,166.0,54.0
1,338.0,442.0,166.0,54.0
1,339.0,442.0,166.0,53.0
1,338.0,443.0,166.0,53.0
1,339.0,442.0,166.0,53.0
1,338.0,443.0,166.0,53.0
1,338.0,443.0,165.0,54.0
1,338.0,442.0,166.0,54.0
1,337.0,443.0,166.0,54.0
1,336.0,444.0,166.0,54.0
1,336.0,443.0,167.0,54.0
1,336.0,443.0,166.0,55.0
1,336.0,442.0,167.0,55.0
1,336.0,441.0,168.0,55.0
1,335.0,442.0,168.0,55.0
1,335.0,441.0,169.0,55.0
1,334.0,442.0,169.0,55.0
1,333.0,443.0,169.0,55.0
1,333.0,442.0,170.0,55.0
1,333.0,441.0,171.0,55.0
1,332.0,442.0,171.0,55.0
1,332.0,442.0,170.0,56.0
1,331.0,443.0,170.0,56.0
1,330.0,444.0,170.0,56.0
1,330.0,443.0,171.0,56.0
1,329.0,444.0,171.0,56.0
1,329.0,443.0,172.0,56.0
1,329.0,442.0,173.0,56.0
1,328.0,443.0,173.0,56.0
1,327.0,444.0,173.0,56.0
1,327.0,443.0,174.0,56.0
1,327.0,442.0,175.0,56.0
1,326.0,443.0,175.0,56.0
1,326.0,442.0,176.0,56.0
1,325.0,443.0,176.0,56.0
1,324.0,444.0,176.0,56.0
1,324.0,443.0,177.0,56.0
1,323.0,444.0,177.0,56.0
1,322.0,445.0,177.0,56.0
1,322.0,444.0,178.0,56.0
1,322.0,443.0,179.0,56.0
1,321.0,444.0,179.0,56.0
1,320.0,445.0,179.0,56.0
1,319.0,446.0,179.0,56.0
1,319.0,445.0,180.0,56.0
1,319.0,444.0,181.0,56.0
1,319.0,443.0,182.0,56.0
1,318.0,444.0,182.0,56.0
1,317.0,445.0,182.0,56.0
1,316.0,446.0,182.0,56.0
1,315.0,447.0,182.0,56.0
1,315.0,446.0,183.0,56.0
1,315.0,445.0,184.0,56.0
1,315.0,445.0,183.0,57.0
1,315.0,445.0,182.0,58.0
1,314.0,446.0,182.0,58.0
1,314.0,445.0,183.0,58.0
1,313.0,446.0,183.0,58.0
1,312.0,447.0,183.0,58.0
1,311.0,448.0,183.0,58.0
1,311.0,447.0,184.0,58.0
1,311.0,446.0,185.0,58.0
1,310.0,447.0,185.0,58.0
1,310.0,446.0,186.0,58.0
1,309.0,447.0,186.0,58.0
1,309.0,446.0,187.0,58.0
1,308.0,447.0,187.0,58.0
1,307.0,448.0,187.0,58.0
1,307.0,447.0,188.0,58.0
1,307.0,446.0,189.0,58.0
1,307.0,446.0,188.0,59.0
1,306.0,447.0,188.0,59.0
1,305.0,448.0,188.0,59.0
1,304.0,449.0,188.0,59.0
1,304.0,448.0,189.0,59.0
1,304.0,447.0,190.0,59.0
1,304.0,447.0,189.0,60.0
1,303.0,448.0,189.0,60.0
1,302.0,449.0,189.0,60.0
1,303.0,448.0,189.0,60.0
1,302.0,449.0,189.0,60.0
1,302.0,448.0,190.0,60.0
1,301.0,449.0,190.0,60.0
1,301.0,448.0,191.0,60.0
1,301.0,447.0,192.0,60.0
1,301.0,446.0,193.0,60.0
1,302.0,445.0,193.0,60.0
1,302.0,445.0,192.0,61.0
1,302.0,444.0,193.0,61.0
1,303.0,443.0,193.0,61.0
1,302.0,444.0,193.0,61.0
1,303.0,443.0,193.0,61.0
1,302.0,444.0,193.0,61.0
1,301.0,445.0,193.0,61.0
1,300.0,446.0,193.0,61.0
1,299.0,447.0,193.0,61.0
1,299.0,446.0,194.0,61.0
1,298.0,447.0,194.0,61.0
1,298.0,447.0,193.0,62.0
1,298.0,447.0,192.0,63.0
1,297.0,448.0,192.0,63.0
1,296.0,449.0,192.0,63.0
1,296.0,449.0,191.0,64.0
1,295.0,450.0,191.0,64.0
1,295.0,449.0,192.0,64.0
1,294.0,450.0,192.0,64.0
1,293.0,451.0,192.0,64.0
1,293.0,450.0,193.0,64.0
1,293.0,449.0,194.0,64.0
1,292.0,450.0,194.0,64.0
1,292.0,450.0,193.0,65.0
1,291.0,451.0,193.0,65.0
1,290.0,452.0,193.0,65.0
1,289.0,453.0,193.0,65.0
1,288.0,454.0,193.0,65.0
1,288.0,453.0,194.0,65.0
1,288.0,452.0,195.0,65.0
1,287.0,453.0,195.0,65.0
1,286.0,454.0,195.0,65.0
1,285.0,455.0,195.0,65.0
1,284.0,456.0,195.0,65.0
1,284.0,455.0,196.0,65.0
1,283.0,456.0,196.0,65.0
1,283.0,455.0,197.0,65.0
1,282.0,456.0,197.0,65.0
1,281.0,457.0,197.0,65.0
1,280.0,458.0,197.0,65.0
1,279.0,459.0,197.0,65.0
1,278.0,460.0,197.0,65.0
1,277.0,461.0,197.0,65.0
1,276.0,462.0,197.0,65.0
1,275.0,463.0,197.0,65.0
1,275.0,463.0,196.0,66.0
1,275.0,463.0,195.0,67.0
1,274.0,464.0,195.0,67.0
1,274.0,463.0,196.0,67.0
1,273.0,464.0,196.0,67.0
1,272.0,465.0,196.0,67.0
1,272.0,464.0,197.0,67.0
1,272.0,463.0,198.0,67.0
1,271.0,464.0,198.0,67.0
1,271.0,463.0,199.0,67.0
1,270.0,464.0,199.0,67.0
1,271.0,463.0,199.0,67.0
1,271.0,462.0,200.0,67.0
1,271.0,461.0,201.0,67.0
1,270.0,462.0,201.0,67.0
1,269.0,463.0,201.0,67.0
1,268.0,464.0,201.0,67.0
1,267.0,465.0,201.0,67.0
1,266.0,466.0,201.0,67.0
1,266.0,466.0,200.0,68.0
1,266.0,466.0,199.0,69.0
1,266.0,465.0,200.0,69.0
1,265.0,466.0,200.0,69.0
1,264.0,467.0,200.0,69.0
1,264.0,466.0,201.0,69.0
1,263.0,467.0,201.0,69.0
1,262.0,468.0,201.0,69.0
1,261.0,469.0,201.0,69.0
1,261.0,468.0,202.0,69.0
1,262.0,467.0,202.0,69.0
1,261.0,468.0,202.0,69.0
1,260.0,469.0,202.0,69.0
1,260.0,468.0,203.0,69.0
1,261.0,467.0,203.0,69.0
1,260.0,468.0,203.0,69.0
1,259.0,469.0,203.0,69.0
1,258.0,470.0,203.0,69.0
1,258.0,470.0,202.0,70.0
1,258.0,469.0,203.0,70.0
1,258.0,468.0,204.0,70.0
1,258.0,468.0,203.0,71.0
1,258.0,467.0,204.0,71.0
1,258.0,466.0,205.0,71.0
1,258.0,465.0,206.0,71.0
1,257.0,466.0,206.0,71.0
1,257.0,466.0,205.0,72.0
1,257.0,465.0,206.0,72.0
1,256.0,466.0,206.0,72.0
1,256.0,465.0,207.0,72.0
1,256.0,465.0,206.0,73.0
1,255.0,466.0,206.0,73.0
1,255.0,465.0,207.0,73.0
1,254.0,466.0,207.0,73.0
1,254.0,465.0,208.0,73.0
1,254.0,464.0,209.0,73.0
1,254.0,463.0,210.0,73.0
1,254.0,462.0,211.0,73.0
1,253.0,463.0,211.0,73.0
1,252.0,464.0,211.0,73.0
1,251.0,465.0,211.0,73.0
1,251.0,464.0,212.0,73.0
1,250.0,465.0,212.0,73.0
1,249.0,466.0,212.0,73.0
1,249.0,465.0,213.0,73.0
1,248.0,466.0,213.0,73.0
1,247.0,467.0,213.0,73.0
1,247.0,466.0,214.0,73.0
1,246.0,467.0,214.0,73.0
1,246.0,466.0,215.0,73.0
1,245.0,467.0,215.0,73.0
1,244.0,468.0,215.0,73.0
1,244.0,467.0,216.0,73.0
1,243.0,468.0,216.0,73.0
1,242.0,469.0,216.0,73.0
1,241.0,470.0,216.0,73.0
1,241.0,469.0,217.0,73.0
1,241.0,469.0,216.0,74.0
1,241.0,468.0,217.0,74.0
1,241.0,467.0,218.0,74.0
1,241.0,466.0,219.0,74.0
1,240.0,467.0,219.0,74.0
1,239.0,468.0,219.0,74.0
1,238.0,469.0,219.0,74.0
1,238.0,468.0,220.0,74.0
1,238.0,467.0,221.0,74.0
1,237.0,468.0,221.0,74.0
1,237.0,468.0,220.0,75.0
1,236.0,469.0,220.0,75.0
1,236.0,468.0,221.0,75.0
1,235.0,469.0,221.0,75.0
1,234.0,470.0,221.0,75.0
1,233.0,471.0,221.0,75.0
1,233.0,471.0,220.0,76.0
1,233.0,470.0,221.0,76.0
1,233.0,469.0,222.0,76.0
1,232.0,470.0,222.0,76.0
1,232.0,469.0,223.0,76.0
1,232.0,468.0,224.0,76.0
1,231.0,469.0,224.0,76.0
1,231.0,468.0,225.0,76.0
1,231.0,467.0,226.0,76.0
1,230.0,468.0,226.0,76.0
1,230.0,468.0,225.0,77.0
1,230.0,468.0,224.0,78.0
1,230.0,467.0,225.0,78.0
1,230.0,466.0,226.0,78.0
1,230.0,465.0,227.0,78.0
1,229.0,466.0,227.0,78.0
1,229.0,465.0,228.0,78.0
1,229.0,464.0,229.0,78.0
1,228.0,465.0,229.0,78.0
1,228.0,464.0,230.0,78.0
1,228.0,463.0,231.0,78.0
1,228.0,462.0,232.0,78.0
1,228.0,461.0,233.0,78.0
1,227.0,462.0,233.0,78.0
1,226.0,463.0,233.0,78.0
1,225.0,464.0,233.0,78.0
1,225.0,463.0,234.0,78.0
1,224.0,464.0,234.0,78.0
1,224.0,464.0,233.0,79.0
1,223.0,465.0,233.0,79.0
1,223.0,464.0,234.0,79.0
1,222.0,465.0,234.0,79.0
1,222.0,464.0,235.0,79.0
1,222.0,463.0,236.0,79.0
1,222.0,462.0,237.0,79.0
1,221.0,463.0,237.0,79.0
1,221.0,462.0,238.0,79.0
1,220.0,463.0,238.0,79.0
1,219.0,464.0,238.0,79.0
1,219.0,464.0,237.0,80.0
1,219.0,463.0,238.0,80.0
1,219.0,462.0,239.0,80.0
1,219.0,461.0,240.0,80.0
1,218.0,462.0,240.0,80.0
1,218.0,462.0,239.0,81.0
1,217.0,463.0,239.0,81.0
1,217.0,462.0,240.0,81.0
1,216.0,463.0,240.0,81.0
1,215.0,464.0,240.0,81.0
1,214.0,465.0,240.0,81.0
1,214.0,464.0,241.0,81.0
1,213.0,465.0,241.0,81.0
1,213.0,464.0,242.0,81.0
1,212.0,465.0,242.0,81.0
1,212.0,464.0,243.0,81.0
1,212.0,463.0,244.0,81.0
1,211.0,464.0,244.0,81.0
1,210.0,465.0,244.0,81.0
1,209.0,466.0,244.0,81.0
1,208.0,467.0,244.0,81.0
1,208.0,467.0,243.0,82.0
1,207.0,468.0,243.0,82.0
1,207.0,467.0,244.0,82.0
1,206.0,468.0,244.0,82.0
1,206.0,467.0,245.0,82.0
1,205.0,468.0,245.0,82.0
1,204.0,469.0,245.0,82.0
1,203.0,470.0,245.0,82.0
1,204.0,469.0,245.0,82.0
1,204.0,468.0,246.0,82.0
1,204.0,467.0,247.0,82.0
1,203.0,468.0,247.0,82.0
1,203.0,467.0,248.0,82.0
1,203.0,466.0,249.0,82.0
1,202.0,467.0,249.0,82.0
1,201.0,468.0,249.0,82.0
1,200.0,469.0,249.0,82.0
1,199.0,470.0,249.0,82.0
1,198.0,471.0,249.0,82.0
1,197.0,472.0,249.0,82.0
1,196.0,473.0,249.0,82.0
1,195.0,474.0,249.0,82.0
1,194.0,475.0,249.0,82.0
1,193.0,476.0,249.0,82.0
1,194.0,475.0,249.0,82.0
1,193.0,476.0,249.0,82.0
1,193.0,475.0,250.0,82.0
1,192.0,476.0,250.0,82.0
1,191.0,477.0,250.0,82.0
1,191.0,476.0,251.0,82.0
1,190.0,477.0,251.0,82.0
1,189.0,478.0,251.0,82.0
1,188.0,479.0,251.0,82.0
1,187.0,480.0,251.0,82.0
1,187.0,479.0,252.0,82.0
1,186.0,480.0,252.0,82.0
1,185.0,481.0,252.0,82.0
1,185.0,481.0,251.0,83.0
1,185.0,480.0,252.0,83.0
1,184.0,481.0,252.0,83.0
1,183.0,482.0,252.0,83.0
1,183.0,481.0,253.0,83.0
1,183.0,480.0,254.0,83.0
1,183.0,479.0,255.0,83.0
1,182.0,480.0,255.0,83.0
1,182.0,479.0,256.0,83.0
1,182.0,478.0,257.0,83.0
1,182.0,477.0,258.0,83.0
1,182.0,477.0,257.0,84.0
1,181.0,478.0,257.0,84.0
1,180.0,479.0,257.0,84.0
1,180.0,478.0,258.0,84.0
1,180.0,477.0,259.0,84.0
1,180.0,476.0,260.0,84.0
1,180.0,475.0,261.0,84.0
1,179.0,476.0,261.0,84.0
1,179.0,475.0,262.0,84.0
1,179.0,475.0,261.0,85.0
1,178.0,476.0,261.0,85.0
1,177.0,477.0,261.0,85.0
1,177.0,476.0,262.0,85.0
1,176.0,477.0,262.0,85.0
1,175.0,478.0,262.0,85.0
1,176.0,478.0,261.0,85.0
1,175.0,479.0,261.0,85.0
1,175.0,479.0,260.0,86.0
1,176.0,479.0,259.0,86.0
1,175.0,480.0,259.0,86.0
1,175.0,479.0,260.0,86.0
1,174.0,480.0,260.0,86.0
1,174.0,480.0,259.0,87.0
1,173.0,481.0,259.0,87.0
1,173.0,481.0,258.0,88.0
1,172.0,482.0,258.0,88.0
1,172.0,481.0,259.0,88.0
1,171.0,482.0,259.0,88.0
1,170.0,483.0,259.0,88.0
1,170.0,482.0,260.0,88.0
1,170.0,481.0,261.0,88.0
1,169.0,482.0,261.0,88.0
1,168.0,483.0,261.0,88.0
1,167.0,484.0,261.0,88.0
1,167.0,483.0,262.0,88.0
1,166.0,484.0,262.0,88.0
1,166.0,483.0,263.0,88.0
1,165.0,484.0,263.0,88.0
1,165.0,484.0,262.0,89.0
1,165.0,483.0,263.0,89.0
1,164.0,484.0,263.0,89.0
1,163.0,485.0,263.0,89.0
1,162.0,486.0,263.0,89.0
1,162.0,485.0,264.0,89.0
1,162.0,484.0,265.0,89.0
1,162.0,483.0,266.0,89.0
1,162.0,483.0,265.0,90.0
1,161.0,484.0,265.0,90.0
1,161.0,483.0,266.0,90.0
1,160.0,484.0,266.0,90.0
1,159.0,485.0,266.0,90.0
1,158.0,486.0,266.0,90.0
1,158.0,486.0,265.0,91.0
1,158.0,485.0,266.0,91.0
1,158.0,484.0,267.0,91.0
1,158.0,483.0,268.0,91.0
1,158.0,483.0,267.0,92.0
1,157.0,484.0,267.0,92.0
1,157.0,484.0,266.0,93.0
1,157.0,483.0,267.0,93.0
1,156.0,484.0,267.0,93.0
1,156.0,483.0,268.0,93.0
1,156.0,482.0,269.0,93.0
1,156.0,481.0,270.0,93.0
1,155.0,482.0,270.0,93.0
1,155.0,481.0,271.0,93.0
1,154.0,482.0,271.0,93.0
1,154.0,481.0,272.0,93.0
1,154.0,480.0,273.0,93.0
1,153.0,481.0,273.0,93.0
1,152.0,482.0,273.0,93.0
1,151.0,483.0,273.0,93.0
1,151.0,482.0,274.0,93.0
1,150.0,483.0,274.0,93.0
1,149.0,484.0,274.0,93.0
1,149.0,483.0,275.0,93.0
1,150.0,483.0,274.0,93.0
1,150.0,483.0,273.0,94.0
1,149.0,484.0,273.0,94.0
1,148.0,485.0,273.0,94.0
1,148.0,484.0,274.0,94.0
1,147.0,485.0,274.0,94.0
1,146.0,486.0,274.0,94.0
1,146.0,485.0,275.0,94.0
1,146.0,485.0,274.0,95.0
1,145.0,486.0,274.0,95.0
1,144.0,487.0,274.0,95.0
1,143.0,488.0,274.0,95.0
1,142.0,489.0,274.0,95.0
1,142.0,488.0,275.0,95.0
1,141.0,489.0,275.0,95.0
1,140.0,490.0,275.0,95.0
1,139.0,491.0,275.0,95.0
1,139.0,491.0,274.0,96.0
1,139.0,490.0,275.0,96.0
1,138.0,491.0,275.0,96.0
1,137.0,492.0,275.0,96.0
1,137.0,491.0,276.0,96.0
1,136.0,492.0,276.0,96.0
1,136.0,492.0,275.0,97.0
1,136.0,491.0,276.0,97.0
1,135.0,492.0,276.0,97.0
1,134.0,493.0,276.0,97.0
1,134.0,493.0,275.0,98.0
1,133.0,494.0,275.0,98.0
1,133.0,493.0,276.0,98.0
1,133.0,492.0,277.0,98.0
1,133.0,491.0,278.0,98.0
1,132.0,492.0,278.0,98.0
1,132.0,491.0,279.0,98.0
1,132.0,491.0,278.0,99.0
1,131.0,492.0,278.0,99.0
1,131.0,491.0,279.0,99.0
1,131.0,491.0,278.0,100.0
1,130.0,492.0,278.0,100.0
1,131.0,492.0,277.0,100.0
1,131.0,492.0,276.0,101.0
1,130.0,493.0,276.0,101.0
1,129.0,494.0,276.0,101.0
1,130.0,493.0,276.0,101.0
1,129.0,494.0,276.0,101.0
1,129.0,494.0,275.0,102.0
1,128.0,495.0,275.0,102.0
1,128.0,494.0,276.0,102.0
1,127.0,495.0,276.0,102.0
1,127.0,494.0,277.0,102.0
1,127.0,494.0,276.0,103.0
1,126.0,495.0,276.0,103.0
1,126.0,494.0,277.0,103.0
1,126.0,493.0,278.0,103.0
1,126.0,493.0,277.0,104.0
1,126.0,492.0,278.0,104.0
1,126.0,491.0,279.0,104.0
1,126.0,491.0,278.0,105.0
1,126.0,490.0,279.0,105.0
1,126.0,489.0,280.0,105.0
1,126.0,489.0,279.0,106.0
1,125.0,490.0,279.0,106.0
1,125.0,489.0,280.0,106.0
1,125.0,488.0,281.0,106.0
1,125.0,488.0,280.0,107.0
1,125.0,487.0,281.0,107.0
1,124.0,488.0,281.0,107.0
1,123.0,489.0,281.0,107.0
1,122.0,490.0,281.0,107.0
1,122.0,489.0,282.0,107.0
1,122.0,488.0,283.0,107.0
1,121.0,489.0,283.0,107.0
1,121.0,488.0,284.0,107.0
1,121.0,487.0,285.0,107.0
1,120.0,488.0,285.0,107.0
1,119.0,489.0,285.0,107.0
1,118.0,490.0,285.0,107.0
1,117.0,491.0,285.0,107.0
1,117.0,490.0,286.0,107.0
1,117.0,490.0,285.0,108.0
1,117.0,490.0,284.0,109.0
1,117.0,490.0,283.0,110.0
1,116.0,491.0,283.0,110.0
1,116.0,490.0,284.0,110.0
1,116.0,489.0,285.0,110.0
1,116.0,488.0,286.0,110.0
1,116.0,487.0,287.0,110.0
1,115.0,488.0,287.0,110.0
1,115.0,488.0,286.0,111.0
1,114.0,489.0,286.0,111.0
1,114.0,488.0,287.0,111.0
1,114.0,487.0,288.0,111.0
1,114.0,487.0,287.0,112.0
1,114.0,487.0,286.0,113.0
1,113.0,488.0,286.0,113.0
1,112.0,489.0,286.0,113.0
1,111.0,490.0,286.0,113.0
1,111.0,489.0,287.0,113.0
1,111.0,489.0,286.0,114.0
1,110.0,490.0,286.0,114.0
1,110.0,489.0,287.0,114.0
1,110.0,488.0,288.0,114.0
1,109.0,489.0,288.0,114.0
1,109.0,488.0,289.0,114.0
1,109.0,487.0,290.0,114.0
1,108.0,488.0,290.0,114.0
1,108.0,487.0,291.0,114.0
1,108.0,486.0,292.0,114.0
1,108.0,485.0,293.0,114.0
1,108.0,485.0,292.0,115.0
1,108.0,485.0,291.0,116.0
1,108.0,484.0,292.0,116.0
1,108.0,484.0,291.0,117.0
1,108.0,483.0,292.0,117.0
1,108.0,482.0,293.0,117.0
1,108.0,481.0,294.0,117.0
1,107.0,482.0,294.0,117.0
1,107.0,482.0,293.0,118.0
1,106.0,483.0,293.0,118.0
1,105.0,484.0,293.0,118.0
1,105.0,483.0,294.0,118.0
1,105.0,482.0,295.0,118.0
1,105.0,482.0,294.0,119.0
1,105.0,481.0,295.0,119.0
1,105.0,480.0,296.0,119.0
1,105.0,479.0,297.0,119.0
1,105.0,478.0,298.0,119.0
1,104.0,479.0,298.0,119.0
1,103.0,480.0,298.0,119.0
1,103.0,479.0,299.0,119.0
1,103.0,479.0,298.0,120.0
1,103.0,478.0,299.0,120.0
1,103.0,477.0,300.0,120.0
1,103.0,476.0,301.0,120.0
1,103.0,475.0,302.0,120.0
1,103.0,474.0,303.0,120.0
1,103.0,474.0,302.0,121.0
1,102.0,475.0,302.0,121.0
1,102.0,474.0,303.0,121.0
1,102.0,473.0,304.0,121.0
1,101.0,474.0,304.0,121.0
1,101.0,474.0,303.0,122.0
1,100.0,475.0,303.0,122.0
1,99.0,476.0,303.0,122.0
1,99.0,475.0,304.0,122.0
1,99.0,475.0,303.0,123.0
1,99.0,474.0,304.0,123.0
1,98.0,475.0,304.0,123.0
1,97.0,476.0,304.0,123.0
1,97.0,476.0,303.0,124.0
1,97.0,476.0,302.0,125.0
1,98.0,476.0,301.0,125.0
1,97.0,477.0,301.0,125.0
1,96.0,478.0,301.0,125.0
1,96.0,477.0,302.0,125.0
1,95.0,478.0,302.0,125.0
1,94.0,479.0,302.0,125.0
1,93.0,480.0,302.0,125.0
1,92.0,481.0,302.0,125.0
1,92.0,480.0,303.0,125.0
1,92.0,479.0,304.0,125.0
1,92.0,479.0,303.0,126.0
1,92.0,478.0,304.0,126.0
1,92.0,477.0,305.0,126.0
1,92.0,477.0,304.0,127.0
1,91.0,478.0,304.0,127.0
1,90.0,479.0,304.0,127.0
1,90.0,478.0,305.0,127.0
1,90.0,477.0,306.0,127.0
1,90.0,477.0,305.0,128.0
1,90.0,476.0,306.0,128.0
1,89.0,477.0,306.0,128.0
1,88.0,478.0,306.0,128.0
1,88.0,477.0,307.0,128.0
1,87.0,478.0,307.0,128.0
1,87.0,477.0,308.0,128.0
1,87.0,476.0,309.0,128.0
1,86.0,477.0,309.0,128.0
1,85.0,478.0,309.0,128.0
1,85.0,478.0,308.0,129.0
1,85.0,478.0,307.0,130.0
1,85.0,477.0,308.0,130.0
1,84.0,478.0,308.0,130.0
1,83.0,479.0,308.0,130.0
1,82.0,480.0,308.0,130.0
1,82.0,479.0,309.0,130.0
1,81.0,480.0,309.0,130.0
1,81.0,480.0,308.0,131.0
1,81.0,479.0,309.0,131.0
1,81.0,479.0,308.0,132.0
1,80.0,480.0,308.0,132.0
1,79.0,481.0,308.0,132.0
1,79.0,481.0,307.0,133.0
1,79.0,481.0,306.0,134.0
1,79.0,480.0,307.0,134.0
1,79.0,480.0,306.0,135.0
1,78.0,481.0,306.0,135.0
1,78.0,480.0,307.0,135.0
1,79.0,480.0,307.0,134.0
1,78.0,481.0,307.0,134.0
1,78.0,480.0,308.0,134.0
1,77.0,481.0,308.0,134.0
1,77.0,480.0,309.0,134.0
1,77.0,479.0,310.0,134.0
1,77.0,478.0,311.0,134.0
1,76.0,479.0,311.0,134.0
1,77.0,478.0,311.0,134.0
1,77.0,477.0,312.0,134.0
1,77.0,477.0,311.0,135.0
1,77.0,477.0,310.0,136.0
1,77.0,476.0,311.0,136.0
1,77.0,476.0,310.0,137.0
1,76.0,477.0,310.0,137.0
1,76.0,476.0,311.0,137.0
1,76.0,476.0,310.0,138.0
1,76.0,476.0,309.0,139.0
1,76.0,475.0,310.0,139.0
1,75.0,476.0,310.0,139.0
1,75.0,475.0,311.0,139.0
1,75.0,474.0,312.0,139.0
1,75.0,473.0,313.0,139.0
1,75.0,472.0,314.0,139.0
1,74.0,473.0,314.0,139.0
1,73.0,474.0,314.0,139.0
1,73.0,473.0,315.0,139.0
1,72.0,474.0,315.0,139.0
1,71.0,475.0,315.0,139.0
1,71.0,474.0,316.0,139.0
1,71.0,473.0,317.0,139.0
1,71.0,472.0,318.0,139.0
1,70.0,473.0,318.0,139.0
1,69.0,474.0,318.0,139.0
1,69.0,473.0,319.0,139.0
1,68.0,474.0,319.0,139.0
1,68.0,473.0,320.0,139.0
1,68.0,473.0,319.0,140.0
1,68.0,472.0,320.0,140.0
1,68.0,471.0,321.0,140.0
1,67.0,472.0,321.0,140.0
1,67.0,471.0,322.0,140.0
1,66.0,472.0,322.0,140.0
1,66.0,472.0,321.0,141.0
1,66.0,471.0,322.0,141.0
1,66.0,470.0,323.0,141.0
1,66.0,469.0,324.0,141.0
1,66.0,469.0,323.0,142.0
1,65.0,470.0,323.0,142.0
1,65.0,469.0,324.0,142.0
1,65.0,469.0,323.0,143.0
1,65.0,469.0,322.0,144.0
1,64.0,470.0,322.0,144.0
1,63.0,471.0,322.0,144.0
1,64.0,470.0,322.0,144.0
1,64.0,469.0,323.0,144.0
1,64.0,468.0,324.0,144.0
1,64.0,467.0,325.0,144.0
1,63.0,468.0,325.0,144.0
1,62.0,469.0,325.0,144.0
1,61.0,470.0,325.0,144.0
1,61.0,470.0,324.0,145.0
1,61.0,469.0,325.0,145.0
1,61.0,468.0,326.0,145.0
1,60.0,469.0,326.0,145.0
1,60.0,469.0,325.0,146.0
1,59.0,470.0,325.0,146.0
1,59.0,469.0,326.0,146.0
1,59.0,469.0,325.0,147.0
1,59.0,468.0,326.0,147.0
1,58.0,469.0,326.0,147.0
1,57.0,470.0,326.0,147.0
1,57.0,469.0,327.0,147.0
1,57.0,469.0,326.0,148.0
1,57.0,469.0,325.0,149.0
1,57.0,469.0,324.0,150.0
1,57.0,469.0,323.0,151.0
1,57.0,469.0,322.0,152.0
1,57.0,468.0,323.0,152.0
1,57.0,467.0,324.0,152.0
1,57.0,467.0,323.0,153.0
1,56.0,468.0,323.0,153.0
1,56.0,468.0,322.0,154.0
1,56.0,468.0,321.0,155.0
1,56.0,467.0,322.0,155.0
1,56.0,467.0,321.0,156.0
1,56.0,466.0,322.0,156.0
1,56.0,465.0,323.0,156.0
1,56.0,464.0,324.0,156.0
1,56.0,463.0,325.0,156.0
1,56.0,462.0,326.0,156.0
1,56.0,461.0,327.0,156.0
1,56.0,460.0,328.0,156.0
1,55.0,461.0,328.0,156.0
1,55.0,460.0,329.0,156.0
1,54.0,461.0,329.0,156.0
1,54.0,461.0,328.0,157.0
1,53.0,462.0,328.0,157.0
1,53.0,461.0,329.0,157.0
1,53.0,461.0,328.0,158.0
1,53.0,460.0,329.0,158.0
1,53.0,459.0,330.0,158.0
1,53.0,458.0,331.0,158.0
1,53.0,458.0,330.0,159.0
1,52.0,459.0,330.0,159.0
1,52.0,458.0,331.0,159.0
1,51.0,459.0,331.0,159.0
1,51.0,459.0,330.0,160.0
1,51.0,459.0,329.0,161.0
1,51.0,459.0,328.0,162.0
1,51.0,459.0,327.0,163.0
1,51.0,458.0,328.0,163.0
1,51.0,457.0,329.0,163.0
1,50.0,458.0,329.0,163.0
1,49.0,459.0,329.0,163.0
1,50.0,459.0,328.0,163.0
1,50.0,458.0,329.0,163.0
1,50.0,458.0,328.0,164.0
1,50.0,457.0,329.0,164.0
1,50.0,456.0,330.0,164.0
1,50.0,456.0,329.0,165.0
1,49.0,457.0,329.0,165.0
1,48.0,458.0,329.0,165.0
1,48.0,458.0,328.0,166.0
1,48.0,457.0,329.0,166.0
1,47.0,458.0,329.0,166.0
2,989.0,1.0,10.0,0.0
2,988.0,2.0,10.0,0.0
2,987.0,3.0,10.0,0.0
2,987.0,2.0,11.0,0.0
2,986.0,3.0,11.0,0.0
2,985.0,4.0,11.0,0.0
2,984.0,5.0,11.0,0.0
2,984.0,5.0,10.0,1.0
2,983.0,6.0,10.0,1.0
2,982.0,7.0,10.0,1.0
2,981.0,8.0,10.0,1.0
2,980.0,9.0,10.0,1.0
2,979.0,10.0,10.0,1.0
2,978.0,11.0,10.0,1.0
2,977.0,12.0,10.0,1.0
2,976.0,13.0,10.0,1.0
2,975.0,14.0,10.0,1.0
2,974.0,15.0,10.0,1.0
2,973.0,16.0,10.0,1.0
2,972.0,17.0,10.0,1.0
2,971.0,18.0,10.0,1.0
2,970.0,19.0,10.0,1.0
2,969.0,20.0,10.0,1.0
2,968.0,21.0,10.0,1.0
2,967.0,22.0,10.0,1.0
2,966.0,23.0,10.0,1.0
2,965.0,24.0,10.0,1.0
2,964.0,25.0,10.0,1.0
2,964.0,24.0,11.0,1.0
2,963.0,25.0,11.0,1.0
2,962.0,26.0,11.0,1.0
2,961.0,27.0,11.0,1.0
2,962.0,26.0,11.0,1.0
2,961.0,27.0,11.0,1.0
2,961.0,26.0,12.0,1.0
2,960.0,27.0,12.0,1.0
2,959.0,28.0,12.0,1.0
2,958.0,29.0,12.0,1.0
2,957.0,30.0,12.0,1.0
2,956.0,31.0,12.0,1.0
2,955.0,32.0,12.0,1.0
2,954.0,33.0,12.0,1.0
2,953.0,34.0,12.0,1.0
2,953.0,33.0,13.0,1.0
2,953.0,33.0,12.0,2.0
2,952.0,34.0,12.0,2.0
2,952.0,33.0,13.0,2.0
2,952.0,32.0,14.0,2.0
2,951.0,33.0,14.0,2.0
2,950.0,34.0,14.0,2.0
2,949.0,35.0,14.0,2.0
2,948.0,36.0,14.0,2.0
2,948.0,36.0,13.0,3.0
2,947.0,37.0,13.0,3.0
2,946.0,38.0,13.0,3.0
2,945.0,39.0,13.0,3.0
2,944.0,40.0,13.0,3.0
2,943.0,41.0,13.0,3.0
2,942.0,42.0,13.0,3.0
2,941.0,43.0,13.0,3.0
2,941.0,42.0,14.0,3.0
2,940.0,43.0,14.0,3.0
2,939.0,44.0,14.0,3.0
2,938.0,45.0,14.0,3.0
2,938.0,44.0,15.0,3.0
2,937.0,45.0,15.0,3.0
2,936.0,46.0,15.0,3.0
2,935.0,47.0,15.0,3.0
2,934.0,48.0,15.0,3.0
2,934.0,48.0,14.0,4.0
2,933.0,49.0,14.0,4.0
2,932.0,50.0,14.0,4.0
2,932.0,49.0,15.0,4.0
2,932.0,48.0,16.0,4.0
2,932.0,47.0,17.0,4.0
2,931.0,48.0,17.0,4.0
2,930.0,49.0,17.0,4.0
2,929.0,50.0,17.0,4.0
2,928.0,51.0,17.0,4.0
2,927.0,52.0,17.0,4.0
2,926.0,53.0,17.0,4.0
2,926.0,53.0,16.0,5.0
2,925.0,54.0,16.0,5.0
2,925.0,53.0,17.0,5.0
2,925.0,53.0,16.0,6.0
2,924.0,54.0,16.0,6.0
2,923.0,55.0,16.0,6.0
2,922.0,56.0,16.0,6.0
2,921.0,57.0,16.0,6.0
2,920.0,58.0,16.0,6.0
2,920.0,57.0,17.0,6.0
2,919.0,58.0,17.0,6.0
2,918.0,59.0,17.0,6.0
2,917.0,60.0,17.0,6.0
2,916.0,61.0,17.0,6.0
2,915.0,62.0,17.0,6.0
2,914.0,63.0,17.0,6.0
2,913.0,64.0,17.0,6.0
2,913.0,63.0,18.0,6.0
2,912.0,64.0,18.0,6.0
2,911.0,65.0,18.0,6.0
2,910.0,66.0,18.0,6.0
2,909.0,67.0,18.0,6.0
2,908.0,68.0,18.0,6.0
2,908.0,67.0,19.0,6.0
2,907.0,68.0,19.0,6.0
2,906.0,69.0,19.0,6.0
2,905.0,70.0,19.0,6.0
2,905.0,70.0,18.0,7.0
2,904.0,71.0,18.0,7.0
2,904.0,70.0,19.0,7.0
2,903.0,71.0,19.0,7.0
2,902.0,72.0,19.0,7.0
2,901.0,73.0,19.0,7.0
2,900.0,74.0,19.0,7.0
2,899.0,75.0,19.0,7.0
2,898.0,76.0,19.0,7.0
2,897.0,77.0,19.0,7.0
2,896.0,78.0,19.0,7.0
2,895.0,79.0,19.0,7.0
2,894.0,80.0,19.0,7.0
2,895.0,79.0,19.0,7.0
2,894.0,80.0,19.0,7.0
2,893.0,81.0,19.0,7.0
2,892.0,82.0,19.0,7.0
2,891.0,83.0,19.0,7.0
2,890.0,84.0,19.0,7.0
2,889.0,85.0,19.0,7.0
2,888.0,86.0,19.0,7.0
2,887.0,87.0,19.0,7.0
2,886.0,88.0,19.0,7.0
2,887.0,87.0,19.0,7.0
2,887.0,86.0,20.0,7.0
2,886.0,87.0,20.0,7.0
2,885.0,88.0,20.0,7.0
2,884.0,89.0,20.0,7.0
2,884.0,88.0,21.0,7.0
2,883.0,89.0,21.0,7.0
2,882.0,90.0,21.0,7.0
2,882.0,90.0,20.0,8.0
2,881.0,91.0,20.0,8.0
2,880.0,92.0,20.0,8.0
2,879.0,93.0,20.0,8.0
2,878.0,94.0,20.0,8.0
2,877.0,95.0,20.0,8.0
2,876.0,96.0,20.0,8.0
2,875.0,97.0,20.0,8.0
2,874.0,98.0,20.0,8.0
2,874.0,97.0,21.0,8.0
2,874.0,96.0,22.0,8.0
2,873.0,97.0,22.0,8.0
2,873.0,96.0,23.0,8.0
2,872.0,97.0,23.0,8.0
2,871.0,98.0,23.0,8.0
2,871.0,97.0,24.0,8.0
2,870.0,98.0,24.0,8.0
2,869.0,99.0,24.0,8.0
2,869.0,98.0,25.0,8.0
2,869.0,97.0,26.0,8.0
2,869.0,96.0,27.0,8.0
2,869.0,95.0,28.0,8.0
2,868.0,96.0,28.0,8.0
2,867.0,97.0,28.0,8.0
2,866.0,98.0,28.0,8.0
2,865.0,99.0,28.0,8.0
2,864.0,100.0,28.0,8.0
2,864.0,99.0,29.0,8.0
2,864.0,98.0,30.0,8.0
2,863.0,99.0,30.0,8.0
2,862.0,100.0,30.0,8.0
2,861.0,101.0,30.0,8.0
2,860.0,102.0,30.0,8.0
2,859.0,103.0,30.0,8.0
2,858.0,104.0,30.0,8.0
2,857.0,105.0,30.0,8.0
2,856.0,106.0,30.0,8.0
2,855.0,107.0,30.0,8.0
2,854.0,108.0,30.0,8.0
2,853.0,109.0,30.0,8.0
2,853.0,109.0,29.0,9.0
2,853.0,108.0,30.0,9.0
2,852.0,109.0,30.0,9.0
2,851.0,110.0,30.0,9.0
2,851.0,109.0,31.0,9.0
2,850.0,110.0,31.0,9.0
2,849.0,111.0,31.0,9.0
2,848.0,112.0,31.0,9.0
2,847.0,113.0,31.0,9.0
2,846.0,114.0,31.0,9.0
2,845.0,115.0,31.0,9.0
2,844.0,116.0,31.0,9.0
2,843.0,117.0,31.0,9.0
2,843.0,116.0,32.0,9.0
2,842.0,117.0,32.0,9.0
2,842.0,117.0,31.0,10.0
2,842.0,116.0,32.0,10.0
2,841.0,117.0,32.0,10.0
2,840.0,118.0,32.0,10.0
2,839.0,119.0,32.0,10.0
2,838.0,120.0,32.0,10.0
2,837.0,121.0,32.0,10.0
2,836.0,122.0,32.0,10.0
2,835.0,123.0,32.0,10.0
2,835.0,122.0,33.0,10.0
2,834.0,123.0,33.0,10.0
2,833.0,124.0,33.0,10.0
2,832.0,125.0,33.0,10.0
2,832.0,125.0,32.0,11.0
2,831.0,126.0,32.0,11.0
2,830.0,127.0,32.0,11.0
2,830.0,126.0,33.0,11.0
2,829.0,127.0,33.0,11.0
2,828.0,128.0,33.0,11.0
2,827.0,129.0,33.0,11.0
2,826.0,130.0,33.0,11.0
2,825.0,131.0,33.0,11.0
2,824.0,132.0,33.0,11.0
2,823.0,133.0,33.0,11.0
2,822.0,134.0,33.0,11.0
2,821.0,135.0,33.0,11.0
2,821.0,134.0,34.0,11.0
2,821.0,133.0,35.0,11.0
2,820.0,134.0,35.0,11.0
2,819.0,135.0,35.0,11.0
2,819.0,134.0,36.0,11.0
2,819.0,134.0,35.0,12.0
2,818.0,135.0,35.0,12.0
2,817.0,136.0,35.0,12.0
2,817.0,135.0,36.0,12.0
2,816.0,136.0,36.0,12.0
2,815.0,137.0,36.0,12.0
2,815.0,136.0,37.0,12.0
2,814.0,137.0,37.0,12.0
2,814.0,136.0,38.0,12.0
2,813.0,137.0,38.0,12.0
2,812.0,138.0,38.0,12.0
2,811.0,139.0,38.0,12.0
2,811.0,138.0,39.0,12.0
2,812.0,138.0,39.0,11.0
2,811.0,139.0,39.0,11.0
2,810.0,140.0,39.0,11.0
2,809.0,141.0,39.0,11.0
2,808.0,142.0,39.0,11.0
2,807.0,143.0,39.0,11.0
2,806.0,144.0,39.0,11.0
2,805.0,145.0,39.0,11.0
2,805.0,144.0,40.0,11.0
2,804.0,145.0,40.0,11.0
2,803.0,146.0,40.0,11.0
2,802.0,147.0,40.0,11.0
2,801.0,148.0,40.0,11.0
2,800.0,149.0,40.0,11.0
2,799.0,150.0,40.0,11.0
2,799.0,149.0,41.0,11.0
2,798.0,150.0,41.0,11.0
2,797.0,151.0,41.0,11.0
2,797.0,150.0,42.0,11.0
2,796.0,151.0,42.0,11.0
2,795.0,152.0,42.0,11.0
2,794.0,153.0,42.0,11.0
2,794.0,153.0,41.0,12.0
2,793.0,154.0,41.0,12.0
2,792.0,155.0,41.0,12.0
2,791.0,156.0,41.0,12.0
2,791.0,155.0,42.0,12.0
2,790.0,156.0,42.0,12.0
2,789.0,157.0,42.0,12.0
2,788.0,158.0,42.0,12.0
2,787.0,159.0,42.0,12.0
2,786.0,160.0,42.0,12.0
2,786.0,159.0,43.0,12.0
2,785.0,160.0,43.0,12.0
2,785.0,159.0,44.0,12.0
2,785.0,158.0,45.0,12.0
2,784.0,159.0,45.0,12.0
2,783.0,160.0,45.0,12.0
2,783.0,159.0,46.0,12.0
2,782.0,160.0,46.0,12.0
2,781.0,161.0,46.0,12.0
2,780.0,162.0,46.0,12.0
2,779.0,163.0,46.0,12.0
2,778.0,164.0,46.0,12.0
2,777.0,165.0,46.0,12.0
2,776.0,166.0,46.0,12.0
2,775.0,167.0,46.0,12.0
2,774.0,168.0,46.0,12.0
2,773.0,169.0,46.0,12.0
2,772.0,170.0,46.0,12.0
2,771.0,171.0,46.0,12.0
2,770.0,172.0,46.0,12.0
2,770.0,171.0,47.0,12.0
2,769.0,172.0,47.0,12.0
2,768.0,173.0,47.0,12.0
2,768.0,172.0,48.0,12.0
2,767.0,173.0,48.0,12.0
2,766.0,174.0,48.0,12.0
2,765.0,175.0,48.0,12.0
2,764.0,176.0,48.0,12.0
2,763.0,177.0,48.0,12.0
2,762.0,178.0,48.0,12.0
2,761.0,179.0,48.0,12.0
2,760.0,180.0,48.0,12.0
2,759.0,181.0,48.0,12.0
2,758.0,182.0,48.0,12.0
2,757.0,183.0,48.0,12.0
2,756.0,184.0,48.0,12.0
2,755.0,185.0,48.0,12.0
2,754.0,186.0,48.0,12.0
2,753.0,187.0,48.0,12.0
2,752.0,188.0,48.0,12.0
2,752.0,187.0,49.0,12.0
2,752.0,186.0,50.0,12.0
2,751.0,187.0,50.0,12.0
2,750.0,188.0,50.0,12.0
2,749.0,189.0,50.0,12.0
2,749.0,188.0,51.0,12.0
2,748.0,189.0,51.0,12.0
2,747.0,190.0,51.0,12.0
2,746.0,191.0,51.0,12.0
2,746.0,190.0,52.0,12.0
2,745.0,191.0,52.0,12.0
2,744.0,192.0,52.0,12.0
2,743.0,193.0,52.0,12.0
2,742.0,194.0,52.0,12.0
2,741.0,195.0,52.0,12.0
2,741.0,195.0,51.0,13.0
2,740.0,196.0,51.0,13.0
2,739.0,197.0,51.0,13.0
2,738.0,198.0,51.0,13.0
2,738.0,197.0,52.0,13.0
2,737.0,198.0,52.0,13.0
2,736.0,199.0,52.0,13.0
2,735.0,200.0,52.0,13.0
2,735.0,199.0,53.0,13.0
2,734.0,200.0,53.0,13.0
2,733.0,201.0,53.0,13.0
2,733.0,201.0,52.0,14.0
2,732.0,202.0,52.0,14.0
2,731.0,203.0,52.0,14.0
2,731.0,203.0,51.0,15.0
2,730.0,204.0,51.0,15.0
2,729.0,205.0,51.0,15.0
2,728.0,206.0,51.0,15.0
2,727.0,207.0,51.0,15.0
2,727.0,207.0,50.0,16.0
2,726.0,208.0,50.0,16.0
2,726.0,207.0,51.0,16.0
2,725.0,208.0,51.0,16.0
2,724.0,209.0,51.0,16.0
2,723.0,210.0,51.0,16.0
2,722.0,211.0,51.0,16.0
2,721.0,212.0,51.0,16.0
2,721.0,211.0,52.0,16.0
2,721.0,210.0,53.0,16.0
2,721.0,209.0,54.0,16.0
2,721.0,208.0,55.0,16.0
2,720.0,209.0,55.0,16.0
2,719.0,210.0,55.0,16.0
2,719.0,210.0,54.0,17.0
2,718.0,211.0,54.0,17.0
2,717.0,212.0,54.0,17.0
2,717.0,211.0,55.0,17.0
2,716.0,212.0,55.0,17.0
2,716.0,211.0,56.0,17.0
2,716.0,210.0,57.0,17.0
2,716.0,209.0,58.0,17.0
2,716.0,208.0,59.0,17.0
2,715.0,209.0,59.0,17.0
2,715.0,208.0,60.0,17.0
2,715.0,207.0,61.0,17.0
2,714.0,208.0,61.0,17.0
2,713.0,209.0,61.0,17.0
2,712.0,210.0,61.0,17.0
2,711.0,211.0,61.0,17.0
2,710.0,212.0,61.0,17.0
2,709.0,213.0,61.0,17.0
2,709.0,212.0,62.0,17.0
2,708.0,213.0,62.0,17.0
2,707.0,214.0,62.0,17.0
2,707.0,213.0,63.0,17.0
2,707.0,212.0,64.0,17.0
2,707.0,211.0,65.0,17.0
2,706.0,212.0,65.0,17.0
2,705.0,213.0,65.0,17.0
2,704.0,214.0,65.0,17.0
2,703.0,215.0,65.0,17.0
2,702.0,216.0,65.0,17.0
2,701.0,217.0,65.0,17.0
2,700.0,218.0,65.0,17.0
2,699.0,219.0,65.0,17.0
2,698.0,220.0,65.0,17.0
2,697.0,221.0,65.0,17.0
2,697.0,220.0,66.0,17.0
2,696.0,221.0,66.0,17.0
2,696.0,220.0,67.0,17.0
2,695.0,221.0,67.0,17.0
2,694.0,222.0,67.0,17.0
2,693.0,223.0,67.0,17.0
2,693.0,223.0,66.0,18.0
2,693.0,222.0,67.0,18.0
2,693.0,221.0,68.0,18.0
2,692.0,222.0,68.0,18.0
2,691.0,223.0,68.0,18.0
2,690.0,224.0,68.0,18.0
2,689.0,225.0,68.0,18.0
2,689.0,224.0,69.0,18.0
2,688.0,225.0,69.0,18.0
2,687.0,226.0,69.0,18.0
2,687.0,225.0,70.0,18.0
2,686.0,226.0,70.0,18.0
2,685.0,227.0,70.0,18.0
2,684.0,228.0,70.0,18.0
2,683.0,229.0,70.0,18.0
2,683.0,228.0,71.0,18.0
2,683.0,227.0,72.0,18.0
2,682.0,228.0,72.0,18.0
2,681.0,229.0,72.0,18.0
2,680.0,230.0,72.0,18.0
2,679.0,231.0,72.0,18.0
2,678.0,232.0,72.0,18.0
2,677.0,233.0,72.0,18.0
2,677.0,233.0,71.0,19.0
2,677.0,232.0,72.0,19.0
2,676.0,233.0,72.0,19.0
2,676.0,232.0,73.0,19.0
2,675.0,233.0,73.0,19.0
2,674.0,234.0,73.0,19.0
2,674.0,233.0,74.0,19.0
2,673.0,234.0,74.0,19.0
2,672.0,235.0,74.0,19.0
2,671.0,236.0,74.0,19.0
2,670.0,237.0,74.0,19.0
2,669.0,238.0,74.0,19.0
2,668.0,239.0,74.0,19.0
2,667.0,240.0,74.0,19.0
2,667.0,239.0,75.0,19.0
2,666.0,240.0,75.0,19.0
2,665.0,241.0,75.0,19.0
2,665.0,241.0,74.0,20.0
2,664.0,242.0,74.0,20.0
2,663.0,243.0,74.0,20.0
2,662.0,244.0,74.0,20.0
2,662.0,243.0,75.0,20.0
2,661.0,244.0,75.0,20.0
2,661.0,243.0,76.0,20.0
2,660.0,244.0,76.0,20.0
2,660.0,243.0,77.0,20.0
2,660.0,242.0,78.0,20.0
2,659.0,243.0,78.0,20.0
2,659.0,242.0,79.0,20.0
2,659.0,241.0,80.0,20.0
2,659.0,240.0,81.0,20.0
2,658.0,241.0,81.0,20.0
2,657.0,242.0,81.0,20.0
2,656.0,243.0,81.0,20.0
2,656.0,243.0,80.0,21.0
2,655.0,244.0,80.0,21.0
2,654.0,245.0,80.0,21.0
2,653.0,246.0,80.0,21.0
2,652.0,247.0,80.0,21.0
2,651.0,248.0,80.0,21.0
2,651.0,247.0,81.0,21.0
2,651.0,246.0,82.0,21.0
2,650.0,247.0,82.0,21.0
2,650.0,246.0,83.0,21.0
2,649.0,247.0,83.0,21.0
2,648.0,248.0,83.0,21.0
2,647.0,249.0,83.0,21.0
2,646.0,250.0,83.0,21.0
2,646.0,249.0,84.0,21.0
2,646.0,248.0,85.0,21.0
2,646.0,247.0,86.0,21.0
2,645.0,248.0,86.0,21.0
2,644.0,249.0,86.0,21.0
2,643.0,250.0,86.0,21.0
2,642.0,251.0,86.0,21.0
2,641.0,252.0,86.0,21.0
2,641.0,251.0,87.0,21.0
2,640.0,252.0,87.0,21.0
2,639.0,253.0,87.0,21.0
2,638.0,254.0,87.0,21.0
2,637.0,255.0,87.0,21.0
2,637.0,255.0,86.0,22.0
2,636.0,256.0,86.0,22.0
2,636.0,255.0,87.0,22.0
2,636.0,255.0,86.0,23.0
2,635.0,256.0,86.0,23.0
2,634.0,257.0,86.0,23.0
2,633.0,258.0,86.0,23.0
2,633.0,257.0,87.0,23.0
2,632.0,258.0,87.0,23.0
2,631.0,259.0,87.0,23.0
2,631.0,258.0,88.0,23.0
2,632.0,257.0,88.0,23.0
2,632.0,256.0,89.0,23.0
2,631.0,257.0,89.0,23.0
2,630.0,258.0,89.0,23.0
2,629.0,259.0,89.0,23.0
2,629.0,258.0,90.0,23.0
2,628.0,259.0,90.0,23.0
2,627.0,260.0,90.0,23.0
2,626.0,261.0,90.0,23.0
2,625.0,262.0,90.0,23.0
2,624.0,263.0,90.0,23.0
2,623.0,264.0,90.0,23.0
2,622.0,265.0,90.0,23.0
2,621.0,266.0,90.0,23.0
2,620.0,267.0,90.0,23.0
2,619.0,268.0,90.0,23.0
2,618.0,269.0,90.0,23.0
2,617.0,270.0,90.0,23.0
2,616.0,271.0,90.0,23.0
2,615.0,272.0,90.0,23.0
2,614.0,273.0,90.0,23.0
2,613.0,274.0,90.0,23.0
2,612.0,275.0,90.0,23.0
2,612.0,274.0,91.0,23.0
2,611.0,275.0,91.0,23.0
2,611.0,274.0,92.0,23.0
2,610.0,275.0,92.0,23.0
2,609.0,276.0,92.0,23.0
2,608.0,277.0,92.0,23.0
2,608.0,276.0,93.0,23.0
2,607.0,277.0,93.0,23.0
2,606.0,278.0,93.0,23.0
2,606.0,277.0,94.0,23.0
2,605.0,278.0,94.0,23.0
2,604.0,279.0,94.0,23.0
2,604.0,278.0,95.0,23.0
2,603.0,279.0,95.0,23.0
2,602.0,280.0,95.0,23.0
2,601.0,281.0,95.0,23.0
2,601.0,281.0,94.0,24.0
2,600.0,282.0,94.0,24.0
2,599.0,283.0,94.0,24.0
2,599.0,282.0,95.0,24.0
2,598.0,283.0,95.0,24.0
2,597.0,284.0,95.0,24.0
2,597.0,283.0,96.0,24.0
2,596.0,284.0,96.0,24.0
2,595.0,285.0,96.0,24.0
2,595.0,284.0,97.0,24.0
2,595.0,283.0,98.0,24.0
2,595.0,282.0,99.0,24.0
2,594.0,283.0,99.0,24.0
2,593.0,284.0,99.0,24.0
2,592.0,285.0,99.0,24.0
2,591.0,286.0,99.0,24.0
2,590.0,287.0,99.0,24.0
2,590.0,286.0,100.0,24.0
2,589.0,287.0,100.0,24.0
2,589.0,286.0,101.0,24.0
2,588.0,287.0,101.0,24.0
2,588.0,286.0,102.0,24.0
2,588.0,286.0,101.0,25.0
2,588.0,285.0,102.0,25.0
2,587.0,286.0,102.0,25.0
2,586.0,287.0,102.0,25.0
2,586.0,286.0,103.0,25.0
2,585.0,287.0,103.0,25.0
2,584.0,288.0,103.0,25.0
2,583.0,289.0,103.0,25.0
2,582.0,290.0,103.0,25.0
2,582.0,289.0,104.0,25.0
2,581.0,290.0,104.0,25.0
2,580.0,291.0,104.0,25.0
2,579.0,292.0,104.0,25.0
2,578.0,293.0,104.0,25.0
2,577.0,294.0,104.0,25.0
2,577.0,293.0,105.0,25.0
2,576.0,294.0,105.0,25.0
2,576.0,293.0,106.0,25.0
2,575.0,294.0,106.0,25.0
2,574.0,295.0,106.0,25.0
2,573.0,296.0,106.0,25.0
2,572.0,297.0,106.0,25.0
2,571.0,298.0,106.0,25.0
2,570.0,299.0,106.0,25.0
2,570.0,298.0,107.0,25.0
2,569.0,299.0,107.0,25.0
2,569.0,298.0,108.0,25.0
2,568.0,299.0,108.0,25.0
2,567.0,300.0,108.0,25.0
2,568.0,299.0,108.0,25.0
2,567.0,300.0,108.0,25.0
2,566.0,301.0,108.0,25.0
2,565.0,302.0,108.0,25.0
2,565.0,302.0,107.0,26.0
2,564.0,303.0,107.0,26.0
2,564.0,302.0,108.0,26.0
2,563.0,303.0,108.0,26.0
2,562.0,304.0,108.0,26.0
2,561.0,305.0,108.0,26.0
2,560.0,306.0,108.0,26.0
2,559.0,307.0,108.0,26.0
2,558.0,308.0,108.0,26.0
2,558.0,308.0,107.0,27.0
2,557.0,309.0,107.0,27.0
2,557.0,308.0,108.0,27.0
2,556.0,309.0,108.0,27.0
2,556.0,309.0,107.0,28.0
2,555.0,310.0,107.0,28.0
2,554.0,311.0,107.0,28.0
2,553.0,312.0,107.0,28.0
2,552.0,313.0,107.0,28.0
2,552.0,312.0,108.0,28.0
2,551.0,313.0,108.0,28.0
2,551.0,312.0,109.0,28.0
2,550.0,313.0,109.0,28.0
2,550.0,312.0,110.0,28.0
2,549.0,313.0,110.0,28.0
2,549.0,312.0,111.0,28.0
2,548.0,313.0,111.0,28.0
2,547.0,314.0,111.0,28.0
2,546.0,315.0,111.0,28.0
2,545.0,316.0,111.0,28.0
2,544.0,317.0,111.0,28.0
2,544.0,316.0,112.0,28.0
2,544.0,315.0,113.0,28.0
2,543.0,316.0,113.0,28.0
2,543.0,316.0,112.0,29.0
2,543.0,315.0,113.0,29.0
2,542.0,316.0,113.0,29.0
2,542.0,315.0,114.0,29.0
2,542.0,314.0,115.0,29.0
2,541.0,315.0,115.0,29.0
2,541.0,315.0,114.0,30.0
2,540.0,316.0,114.0,30.0
2,539.0,317.0,114.0,30.0
2,539.0,316.0,115.0,30.0
2,538.0,317.0,115.0,30.0
2,537.0,318.0,115.0,30.0
2,536.0,319.0,115.0,30.0
2,535.0,320.0,115.0,30.0
2,535.0,319.0,116.0,30.0
2,534.0,320.0,116.0,30.0
2,533.0,321.0,116.0,30.0
2,532.0,322.0,116.0,30.0
2,531.0,323.0,116.0,30.0
2,530.0,324.0,116.0,30.0
2,529.0,325.0,116.0,30.0
2,529.0,324.0,117.0,30.0
2,528.0,325.0,117.0,30.0
2,527.0,326.0,117.0,30.0
2,526.0,327.0,117.0,30.0
2,525.0,328.0,117.0,30.0
2,525.0,327.0,118.0,30.0
2,524.0,328.0,118.0,30.0
2,524.0,328.0,117.0,31.0
2,523.0,329.0,117.0,31.0
2,522.0,330.0,117.0,31.0
2,522.0,329.0,118.0,31.0
2,522.0,328.0,119.0,31.0
2,521.0,329.0,119.0,31.0
2,520.0,330.0,119.0,31.0
2,519.0,331.0,119.0,31.0
2,518.0,332.0,119.0,31.0
2,517.0,333.0,119.0,31.0
2,516.0,334.0,119.0,31.0
2,516.0,333.0,120.0,31.0
2,515.0,334.0,120.0,31.0
2,515.0,333.0,121.0,31.0
2,514.0,334.0,121.0,31.0
2,513.0,335.0,121.0,31.0
2,512.0,336.0,121.0,31.0
2,511.0,337.0,121.0,31.0
2,510.0,338.0,121.0,31.0
2,510.0,337.0,122.0,31.0
2,509.0,338.0,122.0,31.0
2,508.0,339.0,122.0,31.0
2,507.0,340.0,122.0,31.0
2,507.0,339.0,123.0,31.0
2,507.0,339.0,122.0,32.0
2,506.0,340.0,122.0,32.0
2,505.0,341.0,122.0,32.0
2,504.0,342.0,122.0,32.0
2,504.0,342.0,121.0,33.0
2,504.0,342.0,120.0,34.0
2,503.0,343.0,120.0,34.0
2,503.0,342.0,121.0,34.0
2,503.0,341.0,122.0,34.0
2,503.0,340.0,123.0,34.0
2,503.0,339.0,124.0,34.0
2,502.0,340.0,124.0,34.0
2,501.0,341.0,124.0,34.0
2,501.0,340.0,125.0,34.0
2,501.0,339.0,126.0,34.0
2,501.0,338.0,127.0,34.0
2,500.0,339.0,127.0,34.0
2,499.0,340.0,127.0,34.0
2,498.0,341.0,127.0,34.0
2,497.0,342.0,127.0,34.0
2,496.0,343.0,127.0,34.0
2,496.0,342.0,128.0,34.0
2,495.0,343.0,128.0,34.0
2,495.0,342.0,129.0,34.0
2,494.0,343.0,129.0,34.0
2,493.0,344.0,129.0,34.0
2,493.0,343.0,130.0,34.0
2,492.0,344.0,130.0,34.0
2,491.0,345.0,130.0,34.0
2,490.0,346.0,130.0,34.0
2,489.0,347.0,130.0,34.0
2,488.0,348.0,130.0,34.0
2,487.0,349.0,130.0,34.0
2,486.0,350.0,130.0,34.0
2,485.0,351.0,130.0,34.0
2,484.0,352.0,130.0,34.0
2,484.0,351.0,131.0,34.0
2,483.0,352.0,131.0,34.0
2,483.0,351.0,132.0,34.0
2,482.0,352.0,132.0,34.0
2,482.0,351.0,133.0,34.0
2,483.0,351.0,132.0,34.0
2,482.0,352.0,132.0,34.0
2,481.0,353.0,132.0,34.0
2,480.0,354.0,132.0,34.0
2,480.0,353.0,133.0,34.0
2,480.0,352.0,134.0,34.0
2,480.0,351.0,135.0,34.0
2,479.0,352.0,135.0,34.0
2,478.0,353.0,135.0,34.0
2,478.0,352.0,136.0,34.0
2,477.0,353.0,136.0,34.0
2,476.0,354.0,136.0,34.0
2,475.0,355.0,136.0,34.0
2,474.0,356.0,136.0,34.0
2,473.0,357.0,136.0,34.0
2,472.0,358.0,136.0,34.0
2,472.0,357.0,137.0,34.0
2,472.0,356.0,138.0,34.0
2,471.0,357.0,138.0,34.0
2,470.0,358.0,138.0,34.0
2,469.0,359.0,138.0,34.0
2,468.0,360.0,138.0,34.0
2,468.0,359.0,139.0,34.0
2,467.0,360.0,139.0,34.0
2,466.0,361.0,139.0,34.0
2,466.0,360.0,140.0,34.0
2,466.0,359.0,141.0,34.0
2,465.0,360.0,141.0,34.0
2,464.0,361.0,141.0,34.0
2,463.0,362.0,141.0,34.0
2,462.0,363.0,141.0,34.0
2,461.0,364.0,141.0,34.0
2,460.0,365.0,141.0,34.0
2,460.0,364.0,142.0,34.0
2,460.0,363.0,143.0,34.0
2,459.0,364.0,143.0,34.0
2,459.0,363.0,144.0,34.0
2,458.0,364.0,144.0,34.0
2,457.0,365.0,144.0,34.0
2,457.0,364.0,145.0,34.0
2,456.0,365.0,145.0,34.0
2,455.0,366.0,145.0,34.0
2,454.0,367.0,145.0,34.0
2,453.0,368.0,145.0,34.0
2,453.0,367.0,146.0,34.0
2,453.0,367.0,145.0,35.0
2,453.0,366.0,146.0,35.0
2,452.0,367.0,146.0,35.0
2,451.0,368.0,146.0,35.0
2,450.0,369.0,146.0,35.0
2,449.0,370.0,146.0,35.0
2,449.0,369.0,147.0,35.0
2,448.0,370.0,147.0,35.0
2,448.0,369.0,148.0,35.0
2,447.0,370.0,148.0,35.0
2,446.0,371.0,148.0,35.0
2,446.0,370.0,149.0,35.0
2,445.0,371.0,149.0,35.0
2,445.0,371.0,148.0,36.0
2,445.0,370.0,149.0,36.0
2,444.0,371.0,149.0,36.0
2,444.0,371.0,148.0,37.0
2,444.0,371.0,147.0,38.0
2,445.0,370.0,147.0,38.0
2,444.0,371.0,147.0,38.0
2,443.0,372.0,147.0,38.0
2,444.0,371.0,147.0,38.0
2,443.0,372.0,147.0,38.0
2,442.0,373.0,147.0,38.0
2,442.0,372.0,148.0,38.0
2,441.0,373.0,148.0,38.0
2,441.0,372.0,149.0,38.0
2,440.0,373.0,149.0,38.0
2,439.0,374.0,149.0,38.0
2,439.0,373.0,150.0,38.0
2,438.0,374.0,150.0,38.0
2,437.0,375.0,150.0,38.0
2,437.0,374.0,151.0,38.0
2,437.0,373.0,152.0,38.0
2,436.0,374.0,152.0,38.0
2,436.0,374.0,151.0,39.0
2,435.0,375.0,151.0,39.0
2,434.0,376.0,151.0,39.0
2,434.0,375.0,152.0,39.0
2,433.0,376.0,152.0,39.0
2,433.0,376.0,151.0,40.0
2,432.0,377.0,151.0,40.0
2,432.0,376.0,152.0,40.0
2,432.0,375.0,153.0,40.0
2,431.0,376.0,153.0,40.0
2,430.0,377.0,153.0,40.0
2,429.0,378.0,153.0,40.0
2,428.0,379.0,153.0,40.0
2,427.0,380.0,153.0,40.0
2,426.0,381.0,153.0,40.0
2,425.0,382.0,153.0,40.0
2,424.0,383.0,153.0,40.0
2,423.0,384.0,153.0,40.0
2,423.0,383.0,154.0,40.0
2,422.0,384.0,154.0,40.0
2,421.0,385.0,154.0,40.0
2,421.0,385.0,153.0,41.0
2,420.0,386.0,153.0,41.0
2,419.0,387.0,153.0,41.0
2,418.0,388.0,153.0,41.0
2,418.0,388.0,152.0,42.0
2,417.0,389.0,152.0,42.0
2,416.0,390.0,152.0,42.0
2,415.0,391.0,152.0,42.0
2,415.0,390.0,153.0,42.0
2,415.0,389.0,154.0,42.0
2,415.0,388.0,155.0,42.0
2,415.0,388.0,154.0,43.0
2,415.0,387.0,155.0,43.0
2,414.0,388.0,155.0,43.0
2,413.0,389.0,155.0,43.0
2,413.0,388.0,156.0,43.0
2,412.0,389.0,156.0,43.0
2,411.0,390.0,156.0,43.0
2,411.0,390.0,155.0,44.0
2,410.0,391.0,155.0,44.0
2,409.0,392.0,155.0,44.0
2,408.0,393.0,155.0,44.0
2,407.0,394.0,155.0,44.0
2,407.0,393.0,156.0,44.0
2,406.0,394.0,156.0,44.0
2,405.0,395.0,156.0,44.0
2,404.0,396.0,156.0,44.0
2,403.0,397.0,156.0,44.0
2,402.0,398.0,156.0,44.0
2,401.0,399.0,156.0,44.0
2,400.0,400.0,156.0,44.0
2,399.0,401.0,156.0,44.0
2,398.0,402.0,156.0,44.0
2,398.0,401.0,157.0,44.0
2,397.0,402.0,157.0,44.0
2,398.0,402.0,156.0,44.0
2,397.0,403.0,156.0,44.0
2,397.0,402.0,157.0,44.0
2,397.0,402.0,156.0,45.0
2,396.0,403.0,156.0,45.0
2,395.0,404.0,156.0,45.0
2,394.0,405.0,156.0,45.0
2,393.0,406.0,156.0,45.0
2,393.0,405.0,157.0,45.0
2,392.0,406.0,157.0,45.0
2,392.0,405.0,158.0,45.0
2,391.0,406.0,158.0,45.0
2,390.0,407.0,158.0,45.0
2,389.0,408.0,158.0,45.0
2,389.0,407.0,159.0,45.0
2,389.0,407.0,158.0,46.0
2,389.0,406.0,159.0,46.0
2,388.0,407.0,159.0,46.0
2,387.0,408.0,159.0,46.0
2,386.0,409.0,159.0,46.0
2,385.0,410.0,159.0,46.0
2,384.0,411.0,159.0,46.0
2,383.0,412.0,159.0,46.0
2,383.0,411.0,160.0,46.0
2,383.0,410.0,161.0,46.0
2,384.0,409.0,161.0,46.0
2,384.0,408.0,162.0,46.0
2,384.0,407.0,163.0,46.0
2,383.0,408.0,163.0,46.0
2,382.0,409.0,163.0,46.0
2,381.0,410.0,163.0,46.0
2,380.0,411.0,163.0,46.0
2,380.0,410.0,164.0,46.0
2,380.0,409.0,165.0,46.0
2,379.0,410.0,165.0,46.0
2,378.0,411.0,165.0,46.0
2,378.0,411.0,164.0,47.0
2,378.0,410.0,165.0,47.0
2,377.0,411.0,165.0,47.0
2,376.0,412.0,165.0,47.0
2,376.0,411.0,166.0,47.0
2,375.0,412.0,166.0,47.0
2,375.0,411.0,167.0,47.0
2,374.0,412.0,167.0,47.0
2,375.0,411.0,167.0,47.0
2,375.0,410.0,168.0,47.0
2,375.0,409.0,169.0,47.0
2,375.0,408.0,170.0,47.0
2,374.0,409.0,170.0,47.0
2,373.0,410.0,170.0,47.0
2,372.0,411.0,170.0,47.0
2,372.0,411.0,169.0,48.0
2,371.0,412.0,169.0,48.0
2,370.0,413.0,169.0,48.0
2,370.0,412.0,170.0,48.0
2,369.0,413.0,170.0,48.0
2,369.0,413.0,169.0,49.0
2,368.0,414.0,169.0,49.0
2,367.0,415.0,169.0,49.0
2,366.0,416.0,169.0,49.0
2,366.0,415.0,170.0,49.0
2,365.0,416.0,170.0,49.0
2,364.0,417.0,170.0,49.0
2,364.0,416.0,171.0,49.0
2,363.0,417.0,171.0,49.0
2,362.0,418.0,171.0,49.0
2,362.0,417.0,172.0,49.0
2,362.0,416.0,173.0,49.0
2,362.0,415.0,174.0,49.0
2,361.0,416.0,174.0,49.0
2,361.0,415.0,175.0,49.0
2,360.0,416.0,175.0,49.0
2,359.0,417.0,175.0,49.0
2,358.0,418.0,175.0,49.0
2,359.0,417.0,175.0,49.0
2,359.0,416.0,176.0,49.0
2,358.0,417.0,176.0,49.0
2,357.0,418.0,176.0,49.0
2,357.0,418.0,175.0,50.0
2,356.0,419.0,175.0,50.0
2,355.0,420.0,175.0,50.0
2,355.0,419.0,176.0,50.0
2,354.0,420.0,176.0,50.0
2,353.0,421.0,176.0,50.0
2,352.0,422.0,176.0,50.0
2,351.0,423.0,176.0,50.0
2,350.0,424.0,176.0,50.0
2,349.0,425.0,176.0,50.0
2,348.0,426.0,176.0,50.0
2,347.0,427.0,176.0,50.0
2,346.0,428.0,176.0,50.0
2,346.0,427.0,177.0,50.0
2,346.0,426.0,178.0,50.0
2,345.0,427.0,178.0,50.0
2,344.0,428.0,178.0,50.0
2,343.0,429.0,178.0,50.0
2,343.0,428.0,179.0,50.0
2,342.0,429.0,179.0,50.0
2,342.0,428.0,180.0,50.0
2,341.0,429.0,180.0,50.0
2,340.0,430.0,180.0,50.0
2,340.0,429.0,181.0,50.0
2,339.0,430.0,181.0,50.0
2,338.0,431.0,181.0,50.0
2,338.0,431.0,180.0,51.0
2,338.0,430.0,181.0,51.0
2,337.0,431.0,181.0,51.0
2,337.0,430.0,182.0,51.0
2,336.0,431.0,182.0,51.0
2,335.0,432.0,182.0,51.0
2,335.0,432.0,181.0,52.0
2,334.0,433.0,181.0,52.0
2,333.0,434.0,181.0,52.0
2,332.0,435.0,181.0,52.0
2,331.0,436.0,181.0,52.0
2,330.0,437.0,181.0,52.0
2,330.0,436.0,182.0,52.0
2,329.0,437.0,182.0,52.0
2,329.0,436.0,183.0,52.0
2,329.0,436.0,182.0,53.0
2,329.0,436.0,181.0,54.0
2,329.0,435.0,182.0,54.0
2,329.0,434.0,183.0,54.0
2,328.0,435.0,183.0,54.0
2,328.0,434.0,184.0,54.0
2,328.0,433.0,185.0,54.0
2,327.0,434.0,185.0,54.0
2,326.0,435.0,185.0,54.0
2,326.0,434.0,186.0,54.0
2,325.0,435.0,186.0,54.0
2,324.0,436.0,186.0,54.0
2,323.0,437.0,186.0,54.0
2,322.0,438.0,186.0,54.0
2,321.0,439.0,186.0,54.0
2,320.0,440.0,186.0,54.0
2,320.0,439.0,187.0,54.0
2,320.0,438.0,188.0,54.0
2,319.0,439.0,188.0,54.0
2,318.0,440.0,188.0,54.0
2,317.0,441.0,188.0,54.0
2,317.0,440.0,189.0,54.0
2,316.0,441.0,189.0,54.0
2,315.0,442.0,189.0,54.0
2,314.0,443.0,189.0,54.0
2,313.0,444.0,189.0,54.0
2,312.0,445.0,189.0,54.0
2,312.0,445.0,188.0,55.0
2,311.0,446.0,188.0,55.0
2,310.0,447.0,188.0,55.0
2,309.0,448.0,188.0,55.0
2,309.0,448.0,187.0,56.0
2,308.0,449.0,187.0,56.0
2,307.0,450.0,187.0,56.0
2,306.0,451.0,187.0,56.0
2,305.0,452.0,187.0,56.0
2,305.0,451.0,188.0,56.0
2,305.0,451.0,187.0,57.0
2,305.0,451.0,186.0,58.0
2,305.0,450.0,187.0,58.0
2,304.0,451.0,187.0,58.0
2,303.0,452.0,187.0,58.0
2,303.0,451.0,188.0,58.0
2,302.0,452.0,188.0,58.0
2,301.0,453.0,188.0,58.0
2,301.0,452.0,189.0,58.0
2,301.0,451.0,190.0,58.0
2,300.0,452.0,190.0,58.0
2,299.0,453.0,190.0,58.0
2,298.0,454.0,190.0,58.0
2,297.0,455.0,190.0,58.0
2,297.0,454.0,191.0,58.0
2,296.0,455.0,191.0,58.0
2,295.0,456.0,191.0,58.0
2,295.0,456.0,190.0,59.0
2,294.0,457.0,190.0,59.0
2,293.0,458.0,190.0,59.0
2,292.0,459.0,190.0,59.0
2,291.0,460.0,190.0,59.0
2,290.0,461.0,190.0,59.0
2,290.0,460.0,191.0,59.0
2,289.0,461.0,191.0,59.0
2,289.0,460.0,192.0,59.0
2,289.0,459.0,193.0,59.0
2,288.0,460.0,193.0,59.0
2,287.0,461.0,193.0,59.0
2,286.0,462.0,193.0,59.0
2,286.0,461.0,194.0,59.0
2,286.0,461.0,193.0,60.0
2,285.0,462.0,193.0,60.0
2,285.0,461.0,194.0,60.0
2,284.0,462.0,194.0,60.0
2,284.0,462.0,193.0,61.0
2,283.0,463.0,193.0,61.0
2,283.0,462.0,194.0,61.0
2,282.0,463.0,194.0,61.0
2,282.0,462.0,195.0,61.0
2,281.0,463.0,195.0,61.0
2,281.0,462.0,196.0,61.0
2,281.0,461.0,197.0,61.0
2,280.0,462.0,197.0,61.0
2,279.0,463.0,197.0,61.0
2,279.0,462.0,198.0,61.0
2,278.0,463.0,198.0,61.0
2,278.0,463.0,197.0,62.0
2,278.0,462.0,198.0,62.0
2,277.0,463.0,198.0,62.0
2,277.0,462.0,199.0,62.0
2,277.0,461.0,200.0,62.0
2,276.0,462.0,200.0,62.0
2,276.0,461.0,201.0,62.0
2,276.0,460.0,202.0,62.0
2,276.0,459.0,203.0,62.0
2,275.0,460.0,203.0,62.0
2,274.0,461.0,203.0,62.0
2,273.0,462.0,203.0,62.0
2,272.0,463.0,203.0,62.0
2,271.0,464.0,203.0,62.0
2,271.0,463.0,204.0,62.0
2,271.0,462.0,205.0,62.0
2,270.0,463.0,205.0,62.0
2,269.0,464.0,205.0,62.0
2,269.0,464.0,204.0,63.0
2,268.0,465.0,204.0,63.0
2,267.0,466.0,204.0,63.0
2,267.0,465.0,205.0,63.0
2,266.0,466.0,205.0,63.0
2,266.0,466.0,204.0,64.0
2,265.0,467.0,204.0,64.0
2,264.0,468.0,204.0,64.0
2,263.0,469.0,204.0,64.0
2,262.0,470.0,204.0,64.0
2,262.0,469.0,205.0,64.0
2,261.0,470.0,205.0,64.0
2,260.0,471.0,205.0,64.0
2,259.0,472.0,205.0,64.0
2,258.0,473.0,205.0,64.0
2,258.0,472.0,206.0,64.0
2,257.0,473.0,206.0,64.0
2,257.0,472.0,207.0,64.0
2,257.0,471.0,208.0,64.0
2,256.0,472.0,208.0,64.0
2,255.0,473.0,208.0,64.0
2,255.0,472.0,209.0,64.0
2,256.0,472.0,208.0,64.0
2,256.0,471.0,209.0,64.0
2,255.0,472.0,209.0,64.0
2,255.0,471.0,210.0,64.0
2,254.0,472.0,210.0,64.0
2,253.0,473.0,210.0,64.0
2,253.0,472.0,211.0,64.0
2,252.0,473.0,211.0,64.0
2,252.0,472.0,212.0,64.0
2,251.0,473.0,212.0,64.0
2,251.0,472.0,213.0,64.0
2,250.0,473.0,213.0,64.0
2,249.0,474.0,213.0,64.0
2,249.0,473.0,214.0,64.0
2,248.0,474.0,214.0,64.0
2,247.0,475.0,214.0,64.0
2,246.0,476.0,214.0,64.0
2,246.0,476.0,213.0,65.0
2,246.0,475.0,214.0,65.0
2,245.0,476.0,214.0,65.0
2,244.0,477.0,214.0,65.0
2,243.0,478.0,214.0,65.0
2,242.0,479.0,214.0,65.0
2,241.0,480.0,214.0,65.0
2,241.0,479.0,215.0,65.0
2,241.0,478.0,216.0,65.0
2,240.0,479.0,216.0,65.0
2,240.0,479.0,215.0,66.0
2,239.0,480.0,215.0,66.0
2,238.0,481.0,215.0,66.0
2,237.0,482.0,215.0,66.0
2,236.0,483.0,215.0,66.0
2,235.0,484.0,215.0,66.0
2,234.0,485.0,215.0,66.0
2,234.0,484.0,216.0,66.0
2,233.0,485.0,216.0,66.0
2,232.0,486.0,216.0,66.0
2,231.0,487.0,216.0,66.0
2,231.0,486.0,217.0,66.0
2,230.0,487.0,217.0,66.0
2,229.0,488.0,217.0,66.0
2,229.0,488.0,216.0,67.0
2,228.0,489.0,216.0,67.0
2,228.0,488.0,217.0,67.0
2,228.0,487.0,218.0,67.0
2,228.0,486.0,219.0,67.0
2,227.0,487.0,219.0,67.0
2,226.0,488.0,219.0,67.0
2,226.0,487.0,220.0,67.0
2,225.0,488.0,220.0,67.0
2,225.0,487.0,221.0,67.0
2,225.0,487.0,220.0,68.0
2,226.0,486.0,220.0,68.0
2,226.0,485.0,221.0,68.0
2,226.0,484.0,222.0,68.0
2,226.0,484.0,221.0,69.0
2,225.0,485.0,221.0,69.0
2,224.0,486.0,221.0,69.0
2,224.0,485.0,222.0,69.0
2,224.0,485.0,221.0,70.0
2,223.0,486.0,221.0,70.0
2,223.0,486.0,220.0,71.0
2,223.0,486.0,219.0,72.0
2,222.0,487.0,219.0,72.0
2,221.0,488.0,219.0,72.0
2,221.0,487.0,220.0,72.0
2,220.0,488.0,220.0,72.0
2,220.0,488.0,219.0,73.0
2,219.0,489.0,219.0,73.0
2,218.0,490.0,219.0,73.0
2,217.0,491.0,219.0,73.0
2,217.0,491.0,218.0,74.0
2,216.0,492.0,218.0,74.0
2,215.0,493.0,218.0,74.0
2,215.0,492.0,219.0,74.0
2,215.0,492.0,218.0,75.0
2,214.0,493.0,218.0,75.0
2,213.0,494.0,218.0,75.0
2,212.0,495.0,218.0,75.0
2,211.0,496.0,218.0,75.0
2,211.0,495.0,219.0,75.0
2,210.0,496.0,219.0,75.0
2,209.0,497.0,219.0,75.0
2,209.0,497.0,218.0,76.0
2,209.0,496.0,219.0,76.0
2,208.0,497.0,219.0,76.0
2,208.0,496.0,220.0,76.0
2,207.0,497.0,220.0,76.0
2,206.0,498.0,220.0,76.0
2,205.0,499.0,220.0,76.0
2,205.0,499.0,219.0,77.0
2,205.0,499.0,218.0,78.0
2,205.0,498.0,219.0,78.0
2,205.0,497.0,220.0,78.0
2,205.0,496.0,221.0,78.0
2,205.0,495.0,222.0,78.0
2,204.0,496.0,222.0,78.0
2,203.0,497.0,222.0,78.0
2,202.0,498.0,222.0,78.0
2,202.0,498.0,221.0,79.0
2,202.0,497.0,222.0,79.0
2,201.0,498.0,222.0,79.0
2,201.0,498.0,221.0,80.0
2,201.0,498.0,220.0,81.0
2,201.0,498.0,219.0,82.0
2,200.0,499.0,219.0,82.0
2,200.0,498.0,220.0,82.0
2,199.0,499.0,220.0,82.0
2,198.0,500.0,220.0,82.0
2,197.0,501.0,220.0,82.0
2,197.0,500.0,221.0,82.0
2,197.0,499.0,222.0,82.0
2,197.0,498.0,223.0,82.0
2,197.0,497.0,224.0,82.0
2,196.0,498.0,224.0,82.0
2,196.0,497.0,225.0,82.0
2,196.0,497.0,224.0,83.0
2,196.0,496.0,225.0,83.0
2,195.0,497.0,225.0,83.0
2,194.0,498.0,225.0,83.0
2,194.0,497.0,226.0,83.0
2,194.0,496.0,227.0,83.0
2,193.0,497.0,227.0,83.0
2,193.0,496.0,228.0,83.0
2,192.0,497.0,228.0,83.0
2,192.0,497.0,227.0,84.0
2,191.0,498.0,227.0,84.0
2,190.0,499.0,227.0,84.0
2,189.0,500.0,227.0,84.0
2,188.0,501.0,227.0,84.0
2,187.0,502.0,227.0,84.0
2,187.0,501.0,228.0,84.0
2,186.0,502.0,228.0,84.0
2,186.0,501.0,229.0,84.0
2,185.0,502.0,229.0,84.0
2,186.0,502.0,228.0,84.0
2,186.0,501.0,229.0,84.0
2,186.0,500.0,230.0,84.0
2,185.0,501.0,230.0,84.0
2,184.0,502.0,230.0,84.0
2,184.0,501.0,231.0,84.0
2,183.0,502.0,231.0,84.0
2,183.0,501.0,232.0,84.0
2,183.0,501.0,231.0,85.0
2,182.0,502.0,231.0,85.0
2,181.0,503.0,231.0,85.0
2,181.0,502.0,232.0,85.0
2,180.0,503.0,232.0,85.0
2,179.0,504.0,232.0,85.0
2,178.0,505.0,232.0,85.0
2,177.0,506.0,232.0,85.0
2,176.0,507.0,232.0,85.0
2,175.0,508.0,232.0,85.0
2,175.0,507.0,233.0,85.0
2,175.0,506.0,234.0,85.0
2,174.0,507.0,234.0,85.0
2,174.0,506.0,235.0,85.0
2,173.0,507.0,235.0,85.0
2,173.0,506.0,236.0,85.0
2,172.0,507.0,236.0,85.0
2,171.0,508.0,236.0,85.0
2,170.0,509.0,236.0,85.0
2,169.0,510.0,236.0,85.0
2,169.0,509.0,237.0,85.0
2,170.0,508.0,237.0,85.0
2,169.0,509.0,237.0,85.0
2,169.0,508.0,238.0,85.0
2,169.0,507.0,239.0,85.0
2,168.0,508.0,239.0,85.0
2,168.0,507.0,240.0,85.0
2,167.0,508.0,240.0,85.0
2,167.0,507.0,241.0,85.0
2,166.0,508.0,241.0,85.0
2,165.0,509.0,241.0,85.0
2,165.0,508.0,242.0,85.0
2,165.0,507.0,243.0,85.0
2,165.0,506.0,244.0,85.0
2,165.0,506.0,243.0,86.0
2,164.0,507.0,243.0,86.0
2,163.0,508.0,243.0,86.0
2,162.0,509.0,243.0,86.0
2,162.0,508.0,244.0,86.0
2,162.0,508.0,243.0,87.0
2,162.0,507.0,244.0,87.0
2,162.0,506.0,245.0,87.0
2,162.0,505.0,246.0,87.0
2,162.0,504.0,247.0,87.0
2,162.0,503.0,248.0,87.0
2,162.0,502.0,249.0,87.0
2,162.0,501.0,250.0,87.0
2,161.0,502.0,250.0,87.0
2,161.0,501.0,251.0,87.0
2,160.0,502.0,251.0,87.0
2,160.0,501.0,252.0,87.0
2,160.0,500.0,253.0,87.0
2,160.0,500.0,252.0,88.0
2,160.0,499.0,253.0,88.0
2,160.0,498.0,254.0,88.0
2,160.0,498.0,253.0,89.0
2,160.0,497.0,254.0,89.0
2,160.0,496.0,255.0,89.0
2,159.0,497.0,255.0,89.0
2,159.0,496.0,256.0,89.0
2,158.0,497.0,256.0,89.0
2,158.0,496.0,257.0,89.0
2,157.0,497.0,257.0,89.0
2,156.0,498.0,257.0,89.0
2,155.0,499.0,257.0,89.0
2,155.0,498.0,258.0,89.0
2,155.0,497.0,259.0,89.0
2,155.0,496.0,260.0,89.0
2,155.0,495.0,261.0,89.0
2,155.0,494.0,262.0,89.0
2,155.0,494.0,261.0,90.0
2,154.0,495.0,261.0,90.0
2,153.0,496.0,261.0,90.0
2,152.0,497.0,261.0,90.0
2,152.0,497.0,260.0,91.0
2,152.0,496.0,261.0,91.0
2,152.0,495.0,262.0,91.0
2,152.0,495.0,261.0,92.0
2,151.0,496.0,261.0,92.0
2,150.0,497.0,261.0,92.0
2,150.0,497.0,260.0,93.0
2,150.0,496.0,261.0,93.0
2,149.0,497.0,261.0,93.0
2,148.0,498.0,261.0,93.0
2,147.0,499.0,261.0,93.0
2,147.0,498.0,262.0,93.0
2,146.0,499.0,262.0,93.0
2,146.0,499.0,261.0,94.0
2,146.0,499.0,260.0,95.0
2,145.0,500.0,260.0,95.0
2,144.0,501.0,260.0,95.0
2,144.0,501.0,259.0,96.0
2,144.0,500.0,260.0,96.0
2,143.0,501.0,260.0,96.0
2,143.0,501.0,259.0,97.0
2,143.0,500.0,260.0,97.0
2,142.0,501.0,260.0,97.0
2,141.0,502.0,260.0,97.0
2,140.0,503.0,260.0,97.0
2,139.0,504.0,260.0,97.0
2,139.0,504.0,259.0,98.0
2,138.0,505.0,259.0,98.0
2,137.0,506.0,259.0,98.0
2,137.0,505.0,260.0,98.0
2,137.0,504.0,261.0,98.0
2,136.0,505.0,261.0,98.0
2,136.0,504.0,262.0,98.0
2,136.0,503.0,263.0,98.0
2,135.0,504.0,263.0,98.0
2,134.0,505.0,263.0,98.0
2,133.0,506.0,263.0,98.0
2,133.0,505.0,264.0,98.0
2,133.0,504.0,265.0,98.0
2,133.0,504.0,264.0,99.0
2,132.0,505.0,264.0,99.0
2,131.0,506.0,264.0,99.0
2,131.0,505.0,265.0,99.0
2,130.0,506.0,265.0,99.0
2,130.0,505.0,266.0,99.0
2,130.0,505.0,265.0,100.0
2,129.0,506.0,265.0,100.0
2,128.0,507.0,265.0,100.0
2,127.0,508.0,265.0,100.0
2,127.0,507.0,266.0,100.0
2,127.0,507.0,265.0,101.0
2,126.0,508.0,265.0,101.0
2,125.0,509.0,265.0,101.0
2,125.0,508.0,266.0,101.0
2,125.0,507.0,267.0,101.0
2,125.0,506.0,268.0,101.0
2,124.0,507.0,268.0,101.0
2,123.0,508.0,268.0,101.0
2,122.0,509.0,268.0,101.0
2,122.0,508.0,269.0,101.0
2,122.0,507.0,270.0,101.0
2,122.0,506.0,271.0,101.0
2,122.0,506.0,270.0,102.0
2,122.0,505.0,271.0,102.0
2,122.0,504.0,272.0,102.0
2,122.0,503.0,273.0,102.0
2,122.0,503.0,272.0,103.0
2,122.0,503.0,271.0,104.0
2,122.0,502.0,272.0,104.0
2,121.0,503.0,272.0,104.0
2,121.0,503.0,271.0,105.0
2,120.0,504.0,271.0,105.0
2,120.0,503.0,272.0,105.0
2,120.0,502.0,273.0,105.0
2,120.0,501.0,274.0,105.0
2,120.0,500.0,275.0,105.0
2,119.0,501.0,275.0,105.0
2,119.0,501.0,274.0,106.0
2,119.0,501.0,273.0,107.0
2,118.0,502.0,273.0,107.0
2,118.0,501.0,274.0,107.0
2,117.0,502.0,274.0,107.0
2,117.0,502.0,273.0,108.0
2,117.0,501.0,274.0,108.0
2,116.0,502.0,274.0,108.0
2,115.0,503.0,274.0,108.0
2,115.0,503.0,273.0,109.0
2,115.0,502.0,274.0,109.0
2,114.0,503.0,274.0,109.0
2,115.0,502.0,274.0,109.0
2,115.0,502.0,273.0,110.0
2,114.0,503.0,273.0,110.0
2,114.0,502.0,274.0,110.0
2,114.0,501.0,275.0,110.0
2,113.0,502.0,275.0,110.0
2,114.0,502.0,275.0,109.0
2,115.0,501.0,275.0,109.0
2,115.0,500.0,276.0,109.0
2,115.0,499.0,277.0,109.0
2,114.0,500.0,277.0,109.0
2,113.0,501.0,277.0,109.0
2,113.0,500.0,278.0,109.0
2,113.0,499.0,279.0,109.0
2,113.0,499.0,278.0,110.0
2,112.0,500.0,278.0,110.0
2,112.0,499.0,279.0,110.0
2,112.0,498.0,280.0,110.0
2,112.0,497.0,281.0,110.0
2,111.0,498.0,281.0,110.0
2,111.0,498.0,280.0,111.0
2,111.0,498.0,279.0,112.0
2,111.0,498.0,278.0,113.0
2,111.0,498.0,277.0,114.0
2,110.0,499.0,277.0,114.0
2,110.0,499.0,276.0,115.0
2,109.0,500.0,276.0,115.0
2,109.0,499.0,277.0,115.0
2,109.0,498.0,278.0,115.0
2,108.0,499.0,278.0,115.0
2,108.0,498.0,279.0,115.0
2,108.0,497.0,280.0,115.0
2,108.0,496.0,281.0,115.0
2,109.0,496.0,280.0,115.0
2,109.0,496.0,279.0,116.0
2,108.0,497.0,279.0,116.0
2,108.0,496.0,280.0,116.0
2,108.0,495.0,281.0,116.0
2,108.0,494.0,282.0,116.0
2,107.0,495.0,282.0,116.0
2,106.0,496.0,282.0,116.0
2,106.0,495.0,283.0,116.0
2,106.0,495.0,282.0,117.0
2,107.0,494.0,282.0,117.0
2,107.0,493.0,283.0,117.0
2,106.0,494.0,283.0,117.0
2,105.0,495.0,283.0,117.0
2,105.0,495.0,282.0,118.0
2,104.0,496.0,282.0,118.0
2,103.0,497.0,282.0,118.0
2,103.0,496.0,283.0,118.0
2,103.0,496.0,282.0,119.0
2,103.0,495.0,283.0,119.0
2,102.0,496.0,283.0,119.0
2,102.0,495.0,284.0,119.0
2,102.0,494.0,285.0,119.0
2,102.0,494.0,284.0,120.0
2,102.0,493.0,285.0,120.0
2,102.0,492.0,286.0,120.0
2,102.0,491.0,287.0,120.0
2,102.0,490.0,288.0,120.0
2,102.0,489.0,289.0,120.0
2,102.0,489.0,288.0,121.0
2,102.0,488.0,289.0,121.0
2,102.0,487.0,290.0,121.0
2,102.0,486.0,291.0,121.0
2,102.0,485.0,292.0,121.0
2,102.0,484.0,293.0,121.0
2,102.0,484.0,292.0,122.0
2,103.0,483.0,292.0,122.0
2,103.0,482.0,293.0,122.0
2,102.0,483.0,293.0,122.0
2,102.0,482.0,294.0,122.0
2,101.0,483.0,294.0,122.0
2,101.0,483.0,293.0,123.0
2,101.0,482.0,294.0,123.0
2,100.0,483.0,294.0,123.0
2,100.0,482.0,295.0,123.0
2,100.0,481.0,296.0,123.0
2,99.0,482.0,296.0,123.0
2,98.0,483.0,296.0,123.0
2,98.0,482.0,297.0,123.0
2,98.0,482.0,296.0,124.0
2,98.0,482.0,295.0,125.0
2,98.0,482.0,294.0,126.0
2,98.0,481.0,295.0,126.0
2,97.0,482.0,295.0,126.0
2,96.0,483.0,295.0,126.0
2,95.0,484.0,295.0,126.0
2,95.0,483.0,296.0,126.0
2,95.0,483.0,295.0,127.0
2,94.0,484.0,295.0,127.0
2,94.0,483.0,296.0,127.0
2,94.0,483.0,295.0,128.0
2,94.0,482.0,296.0,128.0
2,94.0,481.0,297.0,128.0
2,94.0,480.0,298.0,128.0
2,93.0,481.0,298.0,128.0
2,92.0,482.0,298.0,128.0
2,92.0,481.0,299.0,128.0
2,91.0,482.0,299.0,128.0
2,92.0,481.0,299.0,128.0
2,92.0,481.0,298.0,129.0
2,91.0,482.0,298.0,129.0
2,91.0,482.0,297.0,130.0
2,91.0,481.0,298.0,130.0
2,91.0,480.0,299.0,130.0
2,90.0,481.0,299.0,130.0
2,90.0,480.0,300.0,130.0
2,89.0,481.0,300.0,130.0
2,89.0,480.0,301.0,130.0
2,88.0,481.0,301.0,130.0
2,88.0,480.0,302.0,130.0
2,88.0,479.0,303.0,130.0
2,87.0,480.0,303.0,130.0
2,87.0,479.0,304.0,130.0
2,87.0,479.0,303.0,131.0
2,87.0,478.0,304.0,131.0
2,86.0,479.0,304.0,131.0
2,87.0,478.0,304.0,131.0
2,86.0,479.0,304.0,131.0
2,86.0,478.0,305.0,131.0
2,86.0,477.0,306.0,131.0
2,86.0,476.0,307.0,131.0
2,86.0,475.0,308.0,131.0
2,86.0,474.0,309.0,131.0
2,86.0,474.0,308.0,132.0
2,85.0,475.0,308.0,132.0
2,85.0,474.0,309.0,132.0
2,85.0,474.0,308.0,133.0
2,85.0,473.0,309.0,133.0
2,85.0,472.0,310.0,133.0
2,84.0,473.0,310.0,133.0
2,83.0,474.0,310.0,133.0
2,82.0,475.0,310.0,133.0
2,82.0,474.0,311.0,133.0
2,82.0,473.0,312.0,133.0
2,81.0,474.0,312.0,133.0
2,81.0,473.0,313.0,133.0
2,81.0,472.0,314.0,133.0
2,80.0,473.0,314.0,133.0
2,80.0,472.0,315.0,133.0
2,80.0,471.0,316.0,133.0
2,79.0,472.0,316.0,133.0
2,78.0,473.0,316.0,133.0
2,78.0,472.0,317.0,133.0
2,78.0,471.0,318.0,133.0
2,77.0,472.0,318.0,133.0
2,77.0,471.0,319.0,133.0
2,76.0,472.0,319.0,133.0
2,75.0,473.0,319.0,133.0
2,75.0,473.0,318.0,134.0
2,74.0,474.0,318.0,134.0
2,74.0,473.0,319.0,134.0
2,74.0,472.0,320.0,134.0
2,74.0,471.0,321.0,134.0
2,74.0,470.0,322.0,134.0
2,74.0,470.0,321.0,135.0
2,74.0,470.0,320.0,136.0
2,74.0,469.0,321.0,136.0
2,74.0,468.0,322.0,136.0
2,73.0,469.0,322.0,136.0
2,73.0,468.0,323.0,136.0
2,73.0,468.0,322.0,137.0
2,73.0,467.0,323.0,137.0
2,73.0,466.0,324.0,137.0
2,73.0,465.0,325.0,137.0
2,72.0,466.0,325.0,137.0
2,72.0,466.0,324.0,138.0
2,72.0,465.0,325.0,138.0
2,71.0,466.0,325.0,138.0
2,70.0,467.0,325.0,138.0
2,70.0,466.0,326.0,138.0
2,69.0,467.0,326.0,138.0
2,68.0,468.0,326.0,138.0
2,67.0,469.0,326.0,138.0
2,67.0,469.0,325.0,139.0
2,67.0,469.0,324.0,140.0
2,66.0,470.0,324.0,140.0
2,66.0,469.0,325.0,140.0
2,66.0,468.0,326.0,140.0
2,65.0,469.0,326.0,140.0
2,65.0,469.0,325.0,141.0
2,64.0,470.0,325.0,141.0
2,63.0,471.0,325.0,141.0
2,63.0,470.0,326.0,141.0
2,63.0,469.0,327.0,141.0
2,63.0,469.0,326.0,142.0
2,63.0,468.0,327.0,142.0
2,63.0,467.0,328.0,142.0
2,62.0,468.0,328.0,142.0
2,62.0,467.0,329.0,142.0
2,62.0,467.0,328.0,143.0
2,62.0,467.0,327.0,144.0
2,62.0,466.0,328.0,144.0
2,62.0,465.0,329.0,144.0
2,62.0,464.0,330.0,144.0
2,62.0,463.0,331.0,144.0
2,62.0,463.0,330.0,145.0
2,61.0,464.0,330.0,145.0
2,61.0,463.0,331.0,145.0
2,60.0,464.0,331.0,145.0
2,59.0,465.0,331.0,145.0
2,58.0,466.0,331.0,145.0
2,58.0,465.0,332.0,145.0
2,58.0,465.0,331.0,146.0
2,59.0,465.0,330.0,146.0
2,58.0,466.0,330.0,146.0
2,58.0,465.0,331.0,146.0
2,58.0,464.0,332.0,146.0
2,57.0,465.0,332.0,146.0
2,57.0,464.0,333.0,146.0
2,57.0,464.0,332.0,147.0
2,57.0,463.0,333.0,147.0
2,57.0,463.0,332.0,148.0
2,57.0,462.0,333.0,148.0
2,56.0,463.0,333.0,148.0
2,56.0,462.0,334.0,148.0
2,56.0,461.0,335.0,148.0
2,56.0,460.0,336.0,148.0
2,56.0,459.0,337.0,148.0
2,55.0,460.0,337.0,148.0
2,54.0,461.0,337.0,148.0
2,54.0,460.0,338.0,148.0
2,53.0,461.0,338.0,148.0
2,53.0,460.0,339.0,148.0
2,52.0,461.0,339.0,148.0
2,52.0,461.0,338.0,149.0
2,52.0,460.0,339.0,149.0
2,52.0,459.0,340.0,149.0
2,51.0,460.0,340.0,149.0
2,51.0,459.0,341.0,149.0
2,50.0,460.0,341.0,149.0
2,50.0,459.0,342.0,149.0
2,50.0,458.0,343.0,149.0
2,50.0,457.0,344.0,149.0
2,49.0,458.0,344.0,149.0
2,49.0,458.0,343.0,150.0
2,49.0,457.0,344.0,150.0
2,49.0,457.0,343.0,151.0
2,49.0,456.0,344.0,151.0
2,49.0,455.0,345.0,151.0
2,49.0,454.0,346.0,151.0
2,49.0,453.0,347.0,151.0
2,49.0,452.0,348.0,151.0
2,48.0,453.0,348.0,151.0
2,48.0,452.0,349.0,151.0
2,48.0,451.0,350.0,151.0
2,48.0,451.0,349.0,152.0
2,48.0,450.0,350.0,152.0
2,48.0,449.0,351.0,152.0
2,48.0,448.0,352.0,152.0
2,47.0,449.0,352.0,152.0
2,47.0,448.0,353.0,152.0
2,46.0,449.0,353.0,152.0
2,46.0,449.0,352.0,153.0
2,45.0,450.0,352.0,153.0
2,45.0,450.0,351.0,154.0
2,44.0,451.0,351.0,154.0
2,44.0,450.0,352.0,154.0
2,43.0,451.0,352.0,154.0
2,43.0,451.0,351.0,155.0
2,43.0,450.0,352.0,155.0
2,42.0,451.0,352.0,155.0
2,41.0,452.0,352.0,155.0
2,41.0,451.0,353.0,155.0
2,41.0,450.0,354.0,155.0
2,40.0,451.0,354.0,155.0
2,40.0,450.0,355.0,155.0
2,40.0,449.0,356.0,155.0
2,40.0,448.0,357.0,155.0
2,40.0,448.0,356.0,156.0
2,40.0,447.0,357.0,156.0
2,39.0,448.0,357.0,156.0
2,40.0,447.0,357.0,156.0
2,39.0,448.0,357.0,156.0
2,39.0,448.0,356.0,157.0
2,39.0,447.0,357.0,157.0
2,38.0,448.0,357.0,157.0
2,38.0,448.0,356.0,158.0
2,38.0,448.0,355.0,159.0
2,38.0,448.0,354.0,160.0
2,39.0,447.0,354.0,160.0
2,39.0,447.0,353.0,161.0
2,38.0,448.0,353.0,161.0
2,38.0,448.0,352.0,162.0
2,38.0,447.0,353.0,162.0
2,38.0,447.0,352.0,163.0
2,37.0,448.0,352.0,163.0
2,36.0,449.0,352.0,163.0
2,37.0,448.0,352.0,163.0
2,37.0,447.0,353.0,163.0
2,36.0,448.0,353.0,163.0
2,36.0,447.0,354.0,163.0
2,36.0,447.0,353.0,164.0
2,36.0,446.0,354.0,164.0
2,35.0,447.0,354.0,164.0
2,35.0,447.0,353.0,165.0
2,35.0,446.0,354.0,165.0
2,35.0,446.0,353.0,166.0
2,35.0,445.0,354.0,166.0
2,34.0,446.0,354.0,166.0
